<?xml version="1.0" encoding="windows-1252" standalone="no"?>
<!DOCTYPE log SYSTEM "logger.dtd">
<log>
<record>
  <date>2019-12-17T18:35:56</date>
  <millis>1576593356212</millis>
  <sequence>0</sequence>
  <logger>com.rochade.rdbms.post.SQLPostProcess</logger>
  <level>INFO*</level>
  <class>com.rochade.rdbms.post.logging.PostLogger</class>
  <method>log</method>
  <thread>1</thread>
  <message>ASG� SQLPostProcess Framework version: 6.04.003-dev (compiled with debug option)
Copyright (c) 1983-2099 ASG GmbH &amp; Co. KG, a wholly owned subsidiary of ASG Technologies, Inc.. All rights reserved.</message>
</record>
<record>
  <date>2019-12-17T18:35:56</date>
  <millis>1576593356274</millis>
  <sequence>1</sequence>
  <logger>com.rochade.rdbms.post.SQLPostProcess</logger>
  <level>INFO*</level>
  <class>com.rochade.rdbms.post.logging.PostLogger</class>
  <method>log</method>
  <thread>1</thread>
  <message>PostProcessor started at: 2019-12-17 18:35:56</message>
  <param>[%START%]</param>
</record>
<record>
  <date>2019-12-17T18:35:56</date>
  <millis>1576593356274</millis>
  <sequence>2</sequence>
  <logger>com.rochade.rdbms.post.SQLPostProcess</logger>
  <level>CONFIG</level>
  <class>com.rochade.rdbms.post.logging.PostLogger</class>
  <method>log</method>
  <thread>1</thread>
  <message>Command Line Argumentsproperties=ScanOrac-post.properties</message>
  <param>_$$NOARGS$$_</param>
</record>
<record>
  <date>2019-12-17T18:35:56</date>
  <millis>1576593356274</millis>
  <sequence>3</sequence>
  <logger>com.rochade.rdbms.post.SQLPostProcess</logger>
  <level>CONFIG</level>
  <class>com.rochade.rdbms.post.logging.PostLogger</class>
  <method>log</method>
  <thread>1</thread>
  <message>PostProcessor Configuration
analyzer.external.executable   = C:/ASG/Rochade/Metability/../scanoracle/V400/bin/WIN32/sql2xml.exe
analyzer.external.keepWrong    = false
analyzer.external.timeout      = 300
analyzer.maxdynamiccheck       = 20
config.accFile                 = 
config.implementation          = com.rochade.rdbms.post.oracle.OraclePostProcess
config.input                   = C:/ASG/Scanners/ORACLE/OraDB.xml.import.log
config.password                = *****
config.temp                    = C:/ASG/Scanners/ORACLE/TMP
log.missingTablesLevel         = NONE
log.sql                        = false
log.sql.path                   = 
log.statistics                 = C:/ASG/Scanners/ORACLE/OraDB-post-stats.csv
log.statusAlive                = true
log.statusCount                = 100
log.unresolvedSynonyms         = INFO
oracle.DbLink.mappingFile      = 
oracle.DbLink.overwrite        = false
oracle.DbLink.tnsNamesFile     = 
oracle.DbLink.useDNS           = true
process.addLineage             = true
process.addTriggerLineage      = true
process.errorLimit             = -1
process.fixComplexTypeRefs     = true
properties                     = ScanOrac-post.properties</message>
  <param>_$$NOARGS$$_</param>
</record>
<record>
  <date>2019-12-17T18:35:56</date>
  <millis>1576593356337</millis>
  <sequence>4</sequence>
  <logger>com.rochade.rdbms.post.SQLPostProcess</logger>
  <level>INFO*</level>
  <class>com.rochade.rdbms.post.logging.PostLogger</class>
  <method>log</method>
  <thread>1</thread>
  <message>ASG-Rochade � ScanOrac, version: 4.01.001-47 [OraclePostProcess]</message>
  <param>[%TITLE%]</param>
</record>
<record>
  <date>2019-12-17T18:35:56</date>
  <millis>1576593356399</millis>
  <sequence>5</sequence>
  <logger>com.rochade.rdbms.post.SQLPostProcess</logger>
  <level>INFO*</level>
  <class>com.rochade.rdbms.post.logging.PostLogger</class>
  <method>log</method>
  <thread>1</thread>
  <message>Library versions:
Java HotSpot(TM) 64-Bit Server VM   version 1.8.0_201       [OK]
scanorac.jar                        version 4.01.001-47     [OK]
SQLPostProcess.jar                  version 6.04.003-108    [OK]
ScannerUtils.jar                    version 1.14.003-12     [OK]
ScanLogging.jar                     version 1.03.001-53     [OK]
SQL2XML.jar                         version 1.06.010-69     [OK]
rochade.jar                         version 4.80.000-4326   [OK]
roacccxj.jar                        version 1.20.000-127    [OK]
ds-utils.jar                        version 1.21.008-14     [OK]</message>
</record>
<record>
  <date>2019-12-17T18:35:56</date>
  <millis>1576593356415</millis>
  <sequence>6</sequence>
  <logger>com.rochade.rdbms.post.analyzer.ExternalAnalyzer</logger>
  <level>CONFIG</level>
  <class>com.rochade.rdbms.post.logging.SUPLogger</class>
  <method>log</method>
  <thread>1</thread>
  <message>Using temp path: C:\ASG\Scanners\ORACLE\TMP</message>
</record>
<record>
  <date>2019-12-17T18:35:56</date>
  <millis>1576593356415</millis>
  <sequence>7</sequence>
  <logger>com.rochade.rdbms.post.oracle.OraclePostProcess</logger>
  <level>INFO</level>
  <class>com.rochade.rdbms.post.logging.SUPLogger</class>
  <method>log</method>
  <thread>1</thread>
  <message>Reading source items from file: C:/ASG/Scanners/ORACLE/OraDB.xml.import.log</message>
</record>
<record>
  <date>2019-12-17T18:35:56</date>
  <millis>1576593356430</millis>
  <sequence>8</sequence>
  <logger>com.rochade.rdbms.post.roc.SrapUtility</logger>
  <level>INFO</level>
  <class>com.rochade.rdbms.post.logging.SUPLogger</class>
  <method>log</method>
  <thread>1</thread>
  <message>Connecting to rochade://localhost:8888/ADMIN/AP-DATA/S/SCANNER/STAGING</message>
</record>
<record>
  <date>2019-12-17T18:35:56</date>
  <millis>1576593356508</millis>
  <sequence>9</sequence>
  <logger>com.rochade.rdbms.post.roc.SrapUtility</logger>
  <level>INFO</level>
  <class>com.rochade.rdbms.post.logging.SUPLogger</class>
  <method>log</method>
  <thread>1</thread>
  <message>Standard TCP connection. Rochade authentication.</message>
</record>
<record>
  <date>2019-12-17T18:35:57</date>
  <millis>1576593357196</millis>
  <sequence>10</sequence>
  <logger>com.rochade.rdbms.post.reader.LogFileReader</logger>
  <level>INFO</level>
  <class>com.rochade.rdbms.post.logging.SUPLogger</class>
  <method>log</method>
  <thread>1</thread>
  <message>Start processing of 0 items of type ORA_SERVER.</message>
</record>
<record>
  <date>2019-12-17T18:35:57</date>
  <millis>1576593357196</millis>
  <sequence>11</sequence>
  <logger>com.rochade.rdbms.post.reader.LogFileReader</logger>
  <level>INFO</level>
  <class>com.rochade.rdbms.post.logging.SUPLogger</class>
  <method>log</method>
  <thread>1</thread>
  <message>Start processing of 1 items of type ORA_DATABASE.</message>
</record>
<record>
  <date>2019-12-17T18:35:57</date>
  <millis>1576593357227</millis>
  <sequence>12</sequence>
  <logger>com.rochade.rdbms.post.reader.LogFileReader</logger>
  <level>INFO</level>
  <class>com.rochade.rdbms.post.logging.SUPLogger</class>
  <method>log</method>
  <thread>1</thread>
  <message>Start processing of 0 items of type ORA_DB_LINK.</message>
</record>
<record>
  <date>2019-12-17T18:35:57</date>
  <millis>1576593357227</millis>
  <sequence>13</sequence>
  <logger>com.rochade.rdbms.post.reader.LogFileReader</logger>
  <level>INFO</level>
  <class>com.rochade.rdbms.post.logging.SUPLogger</class>
  <method>log</method>
  <thread>1</thread>
  <message>Start processing of 0 items of type ORA_SYNONYM.</message>
</record>
<record>
  <date>2019-12-17T18:35:57</date>
  <millis>1576593357227</millis>
  <sequence>14</sequence>
  <logger>com.rochade.rdbms.post.reader.LogFileReader</logger>
  <level>INFO</level>
  <class>com.rochade.rdbms.post.logging.SUPLogger</class>
  <method>log</method>
  <thread>1</thread>
  <message>Start processing of 0 items of type ORA_COLUMN-EXPRESSION.</message>
</record>
<record>
  <date>2019-12-17T18:35:57</date>
  <millis>1576593357227</millis>
  <sequence>15</sequence>
  <logger>com.rochade.rdbms.post.reader.LogFileReader</logger>
  <level>INFO</level>
  <class>com.rochade.rdbms.post.logging.SUPLogger</class>
  <method>log</method>
  <thread>1</thread>
  <message>Start processing of 0 items of type ORA_FUNCTION.</message>
</record>
<record>
  <date>2019-12-17T18:35:57</date>
  <millis>1576593357227</millis>
  <sequence>16</sequence>
  <logger>com.rochade.rdbms.post.reader.LogFileReader</logger>
  <level>INFO</level>
  <class>com.rochade.rdbms.post.logging.SUPLogger</class>
  <method>log</method>
  <thread>1</thread>
  <message>Start processing of 0 items of type ORA_PACKAGE.</message>
</record>
<record>
  <date>2019-12-17T18:35:57</date>
  <millis>1576593357227</millis>
  <sequence>17</sequence>
  <logger>com.rochade.rdbms.post.reader.LogFileReader</logger>
  <level>INFO</level>
  <class>com.rochade.rdbms.post.logging.SUPLogger</class>
  <method>log</method>
  <thread>1</thread>
  <message>Start processing of 19 items of type ORA_PROCEDURE.</message>
</record>
<record>
  <date>2019-12-17T18:35:59</date>
  <millis>1576593359118</millis>
  <sequence>18</sequence>
  <logger>com.rochade.rdbms.post.oracle.OraclePostProcess</logger>
  <level>INFO</level>
  <class>com.rochade.rdbms.post.logging.SUPLogger</class>
  <method>log</method>
  <thread>1</thread>
  <message>Found unresolved ORA_SYNONYM: DATAMART.PUBLIC.DUAL (id: 22175(0000569f)) </message>
</record>
<record>
  <date>2019-12-17T18:35:59</date>
  <millis>1576593359774</millis>
  <sequence>19</sequence>
  <logger>com.rochade.rdbms.post.analyzer.ExternalAnalyzer</logger>
  <level>INFO*</level>
  <class>com.rochade.rdbms.utils.SULogger</class>
  <method>log</method>
  <thread>1</thread>
  <message>External analyzer executable version 9.00.007 [ok]</message>
</record>
<record>
  <date>2019-12-17T18:36:11</date>
  <millis>1576593371790</millis>
  <sequence>20</sequence>
  <logger>com.rochade.rdbms.post.reader.LogFileReader</logger>
  <level>INFO</level>
  <class>com.rochade.rdbms.post.logging.SUPLogger</class>
  <method>log</method>
  <thread>1</thread>
  <message>Start processing of 0 items of type ORA_SQL-SCRIPT.</message>
</record>
<record>
  <date>2019-12-17T18:36:11</date>
  <millis>1576593371790</millis>
  <sequence>21</sequence>
  <logger>com.rochade.rdbms.post.reader.LogFileReader</logger>
  <level>INFO</level>
  <class>com.rochade.rdbms.post.logging.SUPLogger</class>
  <method>log</method>
  <thread>1</thread>
  <message>Start processing of 4 items of type ORA_TABLE.</message>
</record>
<record>
  <date>2019-12-17T18:36:11</date>
  <millis>1576593371790</millis>
  <sequence>22</sequence>
  <logger>com.rochade.rdbms.post.reader.LogFileReader</logger>
  <level>INFO</level>
  <class>com.rochade.rdbms.post.logging.SUPLogger</class>
  <method>log</method>
  <thread>1</thread>
  <message>Start processing of 0 items of type ORA_TRIGGER.</message>
</record>
<record>
  <date>2019-12-17T18:36:11</date>
  <millis>1576593371790</millis>
  <sequence>23</sequence>
  <logger>com.rochade.rdbms.post.oracle.OraclePostProcess</logger>
  <level>INFO</level>
  <class>com.rochade.rdbms.post.logging.SUPLogger</class>
  <method>log</method>
  <thread>1</thread>
  <message>ReEvaluate 4 items</message>
</record>
<record>
  <date>2019-12-17T18:36:11</date>
  <millis>1576593371805</millis>
  <sequence>24</sequence>
  <logger>com.rochade.rdbms.post.SQLPostProcess</logger>
  <level>INFO</level>
  <class>com.rochade.rdbms.post.logging.PostLogger</class>
  <method>log</method>
  <thread>1</thread>
  <message>Statistics:
Cache entries                  = 5495
GET PATH FROM CACHE            = 111898
Processed items of type ORA_DATABASE = 1
Processed items of type ORA_PROCEDURE = 23
Processed items of type ORA_TABLE = 4
Queries served from Repository = 890 (0%)
Queries served from cache      = 145500 (99%)
Records read from input file   = 1003
Repository added links         = 2211
Repository updated links       = 611
Time for analyzer              = 4.608 sec
Time for post processor        = 10.986 sec
Time in sum                    = 15.594 sec
Total items processed          = 28</message>
  <param>[%SUMMARY%]</param>
</record>
<record>
  <date>2019-12-17T18:36:11</date>
  <millis>1576593371805</millis>
  <sequence>25</sequence>
  <logger>com.rochade.rdbms.post.SQLPostProcess</logger>
  <level>INFO</level>
  <class>com.rochade.rdbms.post.logging.PostLogger</class>
  <method>log</method>
  <thread>1</thread>
  <message>Processing finished. Overall duration 15.609 sec.</message>
</record>
<record>
  <date>2019-12-17T18:36:11</date>
  <millis>1576593371805</millis>
  <sequence>26</sequence>
  <logger>com.rochade.rdbms.post.SQLPostProcess</logger>
  <level>INFO*</level>
  <class>com.rochade.rdbms.post.logging.PostLogger</class>
  <method>log</method>
  <thread>1</thread>
  <message>PostProcessor ended at: 2019-12-17 18:36:11 - RC: 0 - duration 15.609 sec</message>
  <param>[%END%]</param>
</record>
</log>
