<?xml version="1.0" encoding="windows-1252" standalone="no"?>
<!DOCTYPE log SYSTEM "logger.dtd">
<log>
<record>
  <date>2019-12-17T18:35:13</date>
  <millis>1576593313326</millis>
  <sequence>0</sequence>
  <logger>de.rochade.xml.RoXmlSession$Info</logger>
  <level>INFO</level>
  <class>de.rochade.xml.RoXmlSession$Info</class>
  <method></method>
  <thread>1</thread>
  <message>START ASG-Rochade XML Facilities 2.70.003 using ASG-Rochade(R) Java API 4.80.000</message>
</record>
<record>
  <date>2019-12-17T18:35:13</date>
  <millis>1576593313404</millis>
  <sequence>1</sequence>
  <logger>de.rochade.xml.RoXmlSession$Info</logger>
  <level>INFO</level>
  <class>de.rochade.xml.RoXmlSession$Info</class>
  <method></method>
  <thread>1</thread>
  <message>ARGS [import, -m=C:/ASG/Rochade/Metability/../scanoracle/V400/schema/Oracle-ExchModel.xml, -i=C:/ASG/Scanners/ORACLE/OraDB.xml, -me=999999, --isThrowingExceptionOnDeferredError=off, -g=C:/ASG/Scanners/ORACLE/OraDB.xml.import.log, -ga=on, -t=rochade://localhost:8888/ADMIN/AP-DATA/S/SCANNER/STAGING?pwd=*]</message>
</record>
<record>
  <date>2019-12-17T18:35:16</date>
  <millis>1576593316560</millis>
  <sequence>2</sequence>
  <logger>de.rochade.xml.RoXmlSession$Info</logger>
  <level>INFO</level>
  <class>de.rochade.xml.RoXmlSession$Info</class>
  <method></method>
  <thread>1</thread>
  <message>STAT (879 item definitions (278/s), 142 item declarations (44/s), 0 item removed (0/s), 66 components removed (20/s), 0 item write failure (0/s), 0 attribute write failure (0/s), 1,552 object definitions (491/s), 13,976 attribute values (4,428/s), 530 references (167/s)) </message>
</record>
<record>
  <date>2019-12-17T18:35:16</date>
  <millis>1576593316591</millis>
  <sequence>3</sequence>
  <logger>de.rochade.xml.RoXmlSession$Info</logger>
  <level>INFO</level>
  <class>de.rochade.xml.RoXmlSession$Info</class>
  <method></method>
  <thread>1</thread>
  <message>END_SUCCESS</message>
</record>
</log>
