<?xml version="1.0" encoding="windows-1252" standalone="no"?>
<!DOCTYPE log SYSTEM "logger.dtd">
<log>
<record>
  <date>2019-12-16T19:17:26</date>
  <millis>1576509446205</millis>
  <sequence>0</sequence>
  <logger>com.rochade.scanrdbms.sco.ScanOrac</logger>
  <level>INFO*</level>
  <class>com.rochade.logging.juli.RochadeJuliSupport</class>
  <method>logWithLabel</method>
  <thread>1</thread>
  <message>ASG-Rochade � ScanOrac - Version 4.01.001-47</message>
  <param>[%TITLE%]</param>
</record>
<record>
  <date>2019-12-16T19:17:26</date>
  <millis>1576509446221</millis>
  <sequence>1</sequence>
  <logger>com.rochade.scanrdbms.sco.ScanOrac</logger>
  <level>INFO*</level>
  <class>com.rochade.rdbms.utils.SULogger</class>
  <method>log</method>
  <thread>1</thread>
  <message>Copyright (c) 1983-2099 ASG GmbH &amp; Co. KG, a wholly owned subsidiary of ASG Technologies, Inc. All rights reserved.</message>
</record>
<record>
  <date>2019-12-16T19:17:26</date>
  <millis>1576509446221</millis>
  <sequence>2</sequence>
  <logger>com.rochade.scanrdbms.sco.OraProperties</logger>
  <level>CONFIG</level>
  <class>com.rochade.rdbms.post.logging.SUPLogger</class>
  <method>log</method>
  <thread>1</thread>
  <message>Command-line arguments:-properties=ScanOrac-scan.properties</message>
</record>
<record>
  <date>2019-12-16T19:17:26</date>
  <millis>1576509446221</millis>
  <sequence>3</sequence>
  <logger>com.rochade.scanrdbms.sco.OraProperties</logger>
  <level>CONFIG</level>
  <class>com.rochade.rdbms.post.logging.SUPLogger</class>
  <method>log</method>
  <thread>1</thread>
  <message>Effective scanner properties:
filter.include                 = ScanOrac-include.txt
filter.limitToIncludeList      = false
filter.slashNotation           = false
filter.supportDbs              = NO
filter.type                    = WILDCARD
jdbc.accApplication            = (DESCRIPTION=(ADDRESS=(PROTOCOL=TCP)(HOST=172.28.128.44)(PORT=1524))(CONNECT_DATA=(SERVICE_NAME=DATAMART)))
jdbc.accFile                   = 
jdbc.passwd                    = *****
jdbc.prop.oracle.jdbc.timezoneAsRegion = false
jdbc.prop.useFetchSizeWithLongColumn = true
jdbc.setOptimizerDefaults      = false
jdbc.type                      = thin
jdbc.url                       = (DESCRIPTION=(ADDRESS=(PROTOCOL=TCP)(HOST=172.28.128.44)(PORT=1524))(CONNECT_DATA=(SERVICE_NAME=DATAMART)))
jdbc.user                      = *****
log.durationLimit              = -1
log.statistics                 = C:/ASG/Scanners/ORACLE/LOG/OraDB-scan-stats.csv
log.sysInfo                    = true
processing.cache               = false
processing.dbName              = 
processing.pdbs                = true
processing.rowPrefetch         = 1000
processing.rowPrefetchLong     = 500
processing.skipInaccessible    = false
processing.temp                = C:/ASG/Scanners/ORACLE/TMP
processing.useComments         = false
properties                     = ScanOrac-scan.properties
type.CONSTRAINT                = clear
type.INDEX                     = clear
type.INIT_PARAMETER            = clear
type.LOB                       = clear
type.PARAMETER                 = clear
type.PARTITION                 = clear
xml.encoding                   = utf-8
xml.file                       = C:/ASG/Scanners/ORACLE/OraDB.xml
xml.showUnit                   = false
xml.validate                   = false</message>
</record>
<record>
  <date>2019-12-16T19:17:26</date>
  <millis>1576509446221</millis>
  <sequence>4</sequence>
  <logger>com.rochade.scanrdbms.sco.OraProperties</logger>
  <level>CONFIG</level>
  <class>com.rochade.rdbms.post.logging.SUPLogger</class>
  <method>log</method>
  <thread>1</thread>
  <message>Java runtime system properties:
awt.toolkit                    = sun.awt.windows.WToolkit
file.encoding                  = Cp1252
file.encoding.pkg              = sun.io
file.separator                 = \
java.awt.graphicsenv           = sun.awt.Win32GraphicsEnvironment
java.awt.printerjob            = sun.awt.windows.WPrinterJob
java.class.path                = C:/ASG/Scanners/ORACLE/ojdbc6.jar;C:/ASG/Rochade/Metability/../scanoracle/V400/bin/scanorac.jar;C:/ASG/Rochade/Metability/../scanoracle/V400/bin/SQLPostProcess.jar;C:/ASG/Rochade/Metability/../scanoracle/V400/bin/ScannerUtils.jar;C:/ASG/Rochade/Metability/../scanoracle/V400/bin/json.jar;C:/ASG/Rochade/Metability/../bin/roacccxj.jar;C:/ASG/Rochade/Metability/../bin/ScanLogging.jar;C:/ASG/Rochade/Metability/../bin/rochade.jar;
java.class.version             = 52.0
java.endorsed.dirs             = C:\ASG\JRE8\lib\endorsed
java.ext.dirs                  = C:\ASG\JRE8\lib\ext;C:\Windows\Sun\Java\lib\ext
java.home                      = C:\ASG\JRE8
java.io.tmpdir                 = C:\Users\SA-QLV~1\AppData\Local\Temp\4\
java.library.path              = C:/ASG/Rochade/Metability/../bin
java.runtime.name              = Java(TM) SE Runtime Environment
java.runtime.version           = 1.8.0_201-b09
java.specification.name        = Java Platform API Specification
java.specification.vendor      = Oracle Corporation
java.specification.version     = 1.8
java.util.logging.config.file  = ScanOrac-scan-log.properties
java.vendor                    = Oracle Corporation
java.vendor.url                = http://java.oracle.com/
java.vendor.url.bug            = http://bugreport.sun.com/bugreport/
java.version                   = 1.8.0_201
java.vm.info                   = mixed mode
java.vm.name                   = Java HotSpot(TM) 64-Bit Server VM
java.vm.specification.name     = Java Virtual Machine Specification
java.vm.specification.vendor   = Oracle Corporation
java.vm.specification.version  = 1.8
java.vm.vendor                 = Oracle Corporation
java.vm.version                = 25.201-b09
line.separator                 = 

maximum.memory                 = 910 MB
os.arch                        = amd64
os.name                        = Windows Server 2016
os.version                     = 10.0
path.separator                 = ;
sun.arch.data.model            = 64
sun.boot.class.path            = C:\ASG\JRE8\lib\resources.jar;C:\ASG\JRE8\lib\rt.jar;C:\ASG\JRE8\lib\sunrsasign.jar;C:\ASG\JRE8\lib\jsse.jar;C:\ASG\JRE8\lib\jce.jar;C:\ASG\JRE8\lib\charsets.jar;C:\ASG\JRE8\lib\jfr.jar;C:\ASG\JRE8\classes
sun.boot.library.path          = C:\ASG\JRE8\bin
sun.cpu.endian                 = little
sun.cpu.isalist                = amd64
sun.desktop                    = windows
sun.io.unicode.encoding        = UnicodeLittle
sun.java.command               = com.rochade.scanrdbms.sco.ScanOrac -properties=ScanOrac-scan.properties
sun.java.launcher              = SUN_STANDARD
sun.jnu.encoding               = Cp1252
sun.management.compiler        = HotSpot 64-Bit Tiered Compilers
sun.os.patch.level             = 
sun.stderr.encoding            = cp437
sun.stdout.encoding            = cp437
user.country                   = US
user.dir                       = C:\ASG\Scanners\ORACLE
user.home                      = C:\Users\SA-QLVSE-SVC-RW
user.language                  = en
user.name                      = SA-QLVSE-SVC-RW
user.script                    = 
user.timezone                  = Asia/Muscat
user.variant                   = </message>
</record>
<record>
  <date>2019-12-16T19:17:26</date>
  <millis>1576509446221</millis>
  <sequence>5</sequence>
  <logger>com.rochade.scanrdbms.sco.OraProperties</logger>
  <level>CONFIG</level>
  <class>com.rochade.rdbms.post.logging.SUPLogger</class>
  <method>log</method>
  <thread>1</thread>
  <message>System environment properties:
=C:                            = C:\ASG\Scanners\ORACLE
ALLUSERSPROFILE                = C:\ProgramData
APPDATA                        = C:\Users\SA-QLVSE-SVC-RW\AppData\Roaming
BIN                            = C:/ASG/Rochade/Metability/../scanoracle/V400/bin
CLIENTNAME                     = PRVWCTXDMHSD02
COMPUTERNAME                   = NUVWASGDIAPP01
CP                             = "C:/ASG/Scanners/ORACLE/ojdbc6.jar";"C:/ASG/Rochade/Metability/../scanoracle/V400/bin/scanorac.jar";"C:/ASG/Rochade/Metability/../scanoracle/V400/bin/SQLPostProcess.jar";"C:/ASG/Rochade/Metability/../scanoracle/V400/bin/ScannerUtils.jar";"C:/ASG/Rochade/Metability/../scanoracle/V400/bin/json.jar";"C:/ASG/Rochade/Metability/../bin/roacccxj.jar";"C:/ASG/Rochade/Metability/../bin/ScanLogging.jar";"C:/ASG/Rochade/Metability/../bin/rochade.jar";""
ComSpec                        = C:\Windows\system32\cmd.exe
CommonProgramFiles             = C:\Program Files\Common Files
CommonProgramFiles(x86)        = C:\Program Files (x86)\Common Files
CommonProgramW6432             = C:\Program Files\Common Files
ERR                            = 0
HOMEDRIVE                      = C:
HOMEPATH                       = \Users\SA-QLVSE-SVC-RW
JAVA_HOME                      = C:\ASG\JRE8
LOCALAPPDATA                   = C:\Users\SA-QLVSE-SVC-RW\AppData\Local
LOGONSERVER                    = \\PRVWINFRXDCS02
NUMBER_OF_PROCESSORS           = 8
OPT                            = -Xmx1024m -Djava.util.logging.config.file="ScanOrac-scan-log.properties" -Djava.library.path="C:/ASG/Rochade/Metability/../bin"
OS                             = Windows_NT
PATHEXT                        = .COM;.EXE;.BAT;.CMD;.VBS;.VBE;.JS;.JSE;.WSF;.WSH;.MSC
PROCESSOR_ARCHITECTURE         = AMD64
PROCESSOR_IDENTIFIER           = Intel64 Family 6 Model 85 Stepping 7, GenuineIntel
PROCESSOR_LEVEL                = 6
PROCESSOR_REVISION             = 5507
PROMPT                         = $P$G
PSModulePath                   = C:\Program Files\WindowsPowerShell\Modules;C:\Windows\system32\WindowsPowerShell\v1.0\Modules
PUBLIC                         = C:\Users\Public
Path                           = C:\Program Files (x86)\Common Files\Oracle\Java\javapath;C:\Windows\system32;C:\Windows;C:\Windows\System32\Wbem;C:\Windows\System32\WindowsPowerShell\v1.0\;C:\Users\SA-QLVSE-SVC-RW\AppData\Local\Microsoft\WindowsApps;
ProgramData                    = C:\ProgramData
ProgramFiles                   = C:\Program Files
ProgramFiles(x86)              = C:\Program Files (x86)
ProgramW6432                   = C:\Program Files
ROC_BIN                        = C:/ASG/Rochade/Metability/../bin
SESSIONNAME                    = RDP-Tcp#45
SystemDrive                    = C:
SystemRoot                     = C:\Windows
TEMP                           = C:\Users\SA-QLV~1\AppData\Local\Temp\4
TMP                            = C:\Users\SA-QLV~1\AppData\Local\Temp\4
UATDATA                        = C:\Windows\CCM\UATData\D9F8C395-CAB8-491d-B8AC-179A1FE1BE77
USERDNSDOMAIN                  = BANKFAB.COM
USERDOMAIN                     = BANKFAB
USERDOMAIN_ROAMINGPROFILE      = BANKFAB
USERNAME                       = SA-QLVSE-SVC-RW
USERPROFILE                    = C:\Users\SA-QLVSE-SVC-RW
snow_agent                     = C:\Program Files\Snow Software\Inventory\Agent
windir                         = C:\Windows</message>
</record>
<record>
  <date>2019-12-16T19:17:26</date>
  <millis>1576509446236</millis>
  <sequence>6</sequence>
  <logger>com.rochade.scanrdbms.sco.ScanOrac</logger>
  <level>INFO*</level>
  <class>com.rochade.logging.juli.RochadeJuliSupport</class>
  <method>logWithLabel</method>
  <thread>1</thread>
  <message>Start: 2019-12-16 19:17:26</message>
  <param>[%START%]</param>
</record>
<record>
  <date>2019-12-16T19:17:26</date>
  <millis>1576509446346</millis>
  <sequence>7</sequence>
  <logger>com.rochade.scanrdbms.sco.ScanOrac</logger>
  <level>INFO*</level>
  <class>com.rochade.rdbms.utils.SULogger</class>
  <method>log</method>
  <thread>1</thread>
  <message>Library versions:
Java HotSpot(TM) 64-Bit Server VM   version 1.8.0_201       [OK]
scanorac.jar                        version 4.01.001-47     [OK]
ScannerUtils.jar                    version 1.14.003-12     [OK]
ScanLogging.jar                     version 1.03.001-53     [OK]
roacccxj.jar                        version 1.20.000-127    [OK]
ojdbc6.jar                          version 11.2.0.4.0      [N/A]</message>
</record>
<record>
  <date>2019-12-16T19:17:26</date>
  <millis>1576509446346</millis>
  <sequence>8</sequence>
  <logger>com.rochade.scanrdbms.sco.sql.StatementFactory</logger>
  <level>INFO</level>
  <class>com.rochade.rdbms.post.logging.SUPLogger</class>
  <method>log</method>
  <thread>1</thread>
  <message>JDBC connect string: jdbc:oracle:thin:@(DESCRIPTION=(ADDRESS=(PROTOCOL=TCP)(HOST=172.28.128.44)(PORT=1524))(CONNECT_DATA=(SERVICE_NAME=DATAMART)))</message>
</record>
<record>
  <date>2019-12-16T19:17:26</date>
  <millis>1576509446580</millis>
  <sequence>9</sequence>
  <logger>com.rochade.scanrdbms.sco.sql.StatementFactory</logger>
  <level>INFO*</level>
  <class>com.rochade.rdbms.utils.SULogger</class>
  <method>log</method>
  <thread>1</thread>
  <message>Oracle Database 11g Enterprise Edition Release 11.2.0.4.0 - 64bit Production
With the Partitioning, OLAP, Data Mining and Real Application Testing options</message>
</record>
<record>
  <date>2019-12-16T19:17:26</date>
  <millis>1576509446580</millis>
  <sequence>10</sequence>
  <logger>com.rochade.scanrdbms.sco.sql.StatementFactory</logger>
  <level>INFO*</level>
  <class>com.rochade.rdbms.utils.SULogger</class>
  <method>log</method>
  <thread>1</thread>
  <message>Oracle JDBC driver 11.2.0.4.0</message>
</record>
<record>
  <date>2019-12-16T19:17:26</date>
  <millis>1576509446596</millis>
  <sequence>11</sequence>
  <logger>com.rochade.scanrdbms.sco.ObjectFilter</logger>
  <level>CONFIG</level>
  <class>com.rochade.rdbms.post.logging.SUPLogger</class>
  <method>log</method>
  <thread>1</thread>
  <message>Selected filter: Pattern filter using simple wildcards (database support is disabled; using traditional dot notation)</message>
</record>
<record>
  <date>2019-12-16T19:17:26</date>
  <millis>1576509446596</millis>
  <sequence>12</sequence>
  <logger>com.rochade.scanrdbms.sco.ObjectFilter</logger>
  <level>INFO*</level>
  <class>com.rochade.rdbms.utils.SULogger</class>
  <method>log</method>
  <thread>1</thread>
  <message>includes: 
DATABASE.NONCDB
PROCEDURE.ALCHEMY.PROC_IFRS_COLLATERAL_ALLOC
PROCEDURE.ALCHEMY.PROC_IFRS_LOAN_DEPO*
TABLE.ALCHEMY.ENTITY_IFRS_FGB
TABLE.ALCHEMY.FACILITY_IFRS_FGB
TABLE.ALCHEMY.FCT_IFRS_COLLATERAL_FINAL
TABLE.ALCHEMY.LOANDEPO_IFRS_FGB</message>
</record>
<record>
  <date>2019-12-16T19:17:26</date>
  <millis>1576509446596</millis>
  <sequence>13</sequence>
  <logger>com.rochade.scanrdbms.sco.ScanOrac</logger>
  <level>CONFIG</level>
  <class>com.rochade.rdbms.utils.SULogger</class>
  <method>log</method>
  <thread>1</thread>
  <message>Disabled attributes: [NONE]</message>
</record>
<record>
  <date>2019-12-16T19:17:26</date>
  <millis>1576509446596</millis>
  <sequence>14</sequence>
  <logger>com.rochade.scanrdbms.sco.ScanOrac</logger>
  <level>CONFIG</level>
  <class>com.rochade.rdbms.utils.SULogger</class>
  <method>log</method>
  <thread>1</thread>
  <message>Disabled types: 
REF CONSTRAINT
LOBINDEX
LOBSEGMENT
PARAMETER
INIT PARAMETER
TABLE PARTITION</message>
</record>
<record>
  <date>2019-12-16T19:17:26</date>
  <millis>1576509446611</millis>
  <sequence>15</sequence>
  <logger>com.rochade.scanrdbms.sco.ScanWriter</logger>
  <level>INFO</level>
  <class>com.rochade.rdbms.post.logging.SUPLogger</class>
  <method>log</method>
  <thread>1</thread>
  <message>Scan mode: incremental scan.</message>
</record>
<record>
  <date>2019-12-16T19:18:05</date>
  <millis>1576509485116</millis>
  <sequence>16</sequence>
  <logger>com.rochade.scanrdbms.sco.sql.SysViewHandler</logger>
  <level>INFO</level>
  <class>com.rochade.rdbms.utils.SULogger</class>
  <method>log</method>
  <thread>1</thread>
  <message>System views information and row count for container NONCDB:
Necessary system view SYS.DBA_OBJECTS is available. Rows: 1,483,475
Necessary system view SYS.DBA_TAB_COLS is available. Rows: 474,786
Necessary system view SYS.GLOBAL_NAME is available. Rows: 1
Optional system view SYS.ALL_ARGUMENTS is available. Rows: 51,652
Optional system view SYS.ALL_PROCEDURES is available. Rows: 16,380
Optional system view SYS.DATABASE_PROPERTIES is available. Rows: 36
Optional system view SYS.DBA_ALL_TABLES is available. Rows: 11,738
Optional system view SYS.DBA_CLU_COLUMNS is available. Rows: 50
Optional system view SYS.DBA_CLUSTER_HASH_EXPRESSIONS is available. Rows: 0
Optional system view SYS.DBA_CLUSTERS is available. Rows: 10
Optional system view SYS.DBA_COL_COMMENTS is available. Rows: 471,917
Optional system view SYS.DBA_CONS_COLUMNS is available. Rows: 21,109
Optional system view SYS.DBA_CONSTRAINTS is available. Rows: 18,271
Optional system view SYS.DBA_DATA_FILES is available. Rows: 380
Optional system view SYS.DBA_DB_LINKS is available. Rows: 43
Optional system view SYS.DBA_DEPENDENCIES is available. Rows: 189,897
Optional system view SYS.DBA_ENCRYPTED_COLUMNS is available. Rows: 0
Optional system view SYS.DBA_IND_COLUMNS is available. Rows: 15,694
Optional system view SYS.DBA_IND_EXPRESSIONS is available. Rows: 115
Optional system view SYS.DBA_IND_PARTITIONS is available. Rows: 720,997
Optional system view SYS.DBA_INDEXES is available. Rows: 11,951
Optional system view SYS.DBA_LOBS is available. Rows: 2,182
Optional system view SYS.DBA_LOG_GROUP_COLUMNS is available. Rows: 3
Optional system view SYS.DBA_LOG_GROUPS is available. Rows: 2
Optional system view SYS.DBA_MVIEW_DETAIL_RELATIONS is available. Rows: 221
Optional system view SYS.DBA_MVIEW_JOINS is available. Rows: 72
Optional system view SYS.DBA_MVIEW_KEYS is available. Rows: 2,104
Optional system view SYS.DBA_MVIEWS is available. Rows: 126
Optional system view SYS.DBA_NESTED_TABLE_COLS is available. Rows: 411
Optional system view SYS.DBA_NESTED_TABLES is available. Rows: 49
Optional system view SYS.DBA_OBJ_COLATTRS is available. Rows: 1,487
Optional system view SYS.DBA_OBJECT_TABLES is available. Rows: 93
Optional system view SYS.DBA_PART_INDEXES is available. Rows: 568
Optional system view SYS.DBA_PART_KEY_COLUMNS is available. Rows: 1,414
Optional system view SYS.DBA_PART_TABLES is available. Rows: 794
Optional system view SYS.DBA_PROCEDURES is available. Rows: 32,111
Optional system view SYS.DBA_REGISTRY_HISTORY is available. Rows: 2
Optional system view SYS.DBA_ROLE_PRIVS is available. Rows: 209
Optional system view SYS.DBA_ROLES is available. Rows: 60
Optional system view SYS.DBA_SEGMENTS is available. Rows: 212,657
Optional system view SYS.DBA_SEQUENCES is available. Rows: 689
Optional system view SYS.DBA_SOURCE is available. Rows: 6,107,348
Optional system view SYS.DBA_SYNONYMS is available. Rows: 34,212
Optional system view SYS.DBA_SYS_PRIVS is available. Rows: 1,013
Optional system view SYS.DBA_TAB_COMMENTS is available. Rows: 19,863
Optional system view SYS.DBA_TAB_PARTITIONS is available. Rows: 643,788
Optional system view SYS.DBA_TAB_PRIVS is available. Rows: 302,642
Optional system view SYS.DBA_TABLES is available. Rows: 11,645
Optional system view SYS.DBA_TABLESPACE_GROUPS is available. Rows: 0
Optional system view SYS.DBA_TABLESPACES is available. Rows: 36
Optional system view SYS.DBA_TRIGGERS is available. Rows: 672
Optional system view SYS.DBA_TYPE_ATTRS is available. Rows: 10,600
Optional system view SYS.DBA_TYPES is available. Rows: 2,494
Optional system view SYS.DBA_USERS is available. Rows: 72
Optional system view SYS.DBA_VARRAYS is available. Rows: 589
Optional system view SYS.DBA_VIEWS is available. Rows: 6,788
Optional system view V$DATABASE is available. Rows: 1
Optional system view V$INSTANCE is available. Rows: 1
Optional system view V$MYSTAT is available. Rows: 679
Optional system view V$PARAMETER2 is available. Rows: 355
Optional system view V$SERVICES is available. Rows: 4
Optional system view V$SESSION is available. Rows: 298
Optional system view V$TABLESPACE is available. Rows: 36</message>
</record>
<record>
  <date>2019-12-16T19:18:05</date>
  <millis>1576509485131</millis>
  <sequence>17</sequence>
  <logger>com.rochade.scanrdbms.sco.ScanOrac</logger>
  <level>INFO</level>
  <class>com.rochade.rdbms.post.logging.SUPLogger</class>
  <method>log</method>
  <thread>1</thread>
  <message>Start processing NONCDB: DATAMART</message>
</record>
<record>
  <date>2019-12-16T19:18:05</date>
  <millis>1576509485147</millis>
  <sequence>18</sequence>
  <logger>com.rochade.scanrdbms.sco.sql.AbstractCacheHelper</logger>
  <level>WARNING</level>
  <class>com.rochade.rdbms.post.logging.SUPLogger</class>
  <method>log</method>
  <thread>1</thread>
  <message>Invalid cache type FALSE setting. Using value AUTO instead.</message>
</record>
<record>
  <date>2019-12-16T19:18:05</date>
  <millis>1576509485147</millis>
  <sequence>19</sequence>
  <logger>com.rochade.scanrdbms.sco.sql.AbstractCacheHelper</logger>
  <level>INFO</level>
  <class>com.rochade.rdbms.post.logging.SUPLogger</class>
  <method>log</method>
  <thread>1</thread>
  <message>Cache type: in-memory</message>
</record>
<record>
  <date>2019-12-16T19:18:05</date>
  <millis>1576509485147</millis>
  <sequence>20</sequence>
  <logger>com.rochade.scanrdbms.sco.Identification</logger>
  <level>INFO</level>
  <class>com.rochade.rdbms.post.logging.SUPLogger</class>
  <method>log</method>
  <thread>1</thread>
  <message>Start identification in DATAMART</message>
</record>
<record>
  <date>2019-12-16T19:18:07</date>
  <millis>1576509487319</millis>
  <sequence>21</sequence>
  <logger>com.rochade.scanrdbms.sco.Identification</logger>
  <level>INFO</level>
  <class>com.rochade.rdbms.post.logging.SUPLogger</class>
  <method>log</method>
  <thread>1</thread>
  <message>Identifying schema ALCHEMY</message>
</record>
<record>
  <date>2019-12-16T19:26:03</date>
  <millis>1576509963283</millis>
  <sequence>22</sequence>
  <logger>com.rochade.scanrdbms.sco.Identification</logger>
  <level>INFO</level>
  <class>com.rochade.rdbms.post.logging.SUPLogger</class>
  <method>log</method>
  <thread>1</thread>
  <message>Identifying schema APEX_030200</message>
</record>
<record>
  <date>2019-12-16T19:26:06</date>
  <millis>1576509966802</millis>
  <sequence>23</sequence>
  <logger>com.rochade.scanrdbms.sco.Identification</logger>
  <level>INFO</level>
  <class>com.rochade.rdbms.post.logging.SUPLogger</class>
  <method>log</method>
  <thread>1</thread>
  <message>Identifying schema APPQOSSYS</message>
</record>
<record>
  <date>2019-12-16T19:26:08</date>
  <millis>1576509968021</millis>
  <sequence>24</sequence>
  <logger>com.rochade.scanrdbms.sco.Identification</logger>
  <level>INFO</level>
  <class>com.rochade.rdbms.post.logging.SUPLogger</class>
  <method>log</method>
  <thread>1</thread>
  <message>Identifying schema CTXSYS</message>
</record>
<record>
  <date>2019-12-16T19:26:10</date>
  <millis>1576509970385</millis>
  <sequence>25</sequence>
  <logger>com.rochade.scanrdbms.sco.Identification</logger>
  <level>INFO</level>
  <class>com.rochade.rdbms.post.logging.SUPLogger</class>
  <method>log</method>
  <thread>1</thread>
  <message>Identifying schema DBSNMP</message>
</record>
<record>
  <date>2019-12-16T19:26:12</date>
  <millis>1576509972713</millis>
  <sequence>26</sequence>
  <logger>com.rochade.scanrdbms.sco.Identification</logger>
  <level>INFO</level>
  <class>com.rochade.rdbms.post.logging.SUPLogger</class>
  <method>log</method>
  <thread>1</thread>
  <message>Identifying schema ETLAUDIT</message>
</record>
<record>
  <date>2019-12-16T19:26:15</date>
  <millis>1576509975010</millis>
  <sequence>27</sequence>
  <logger>com.rochade.scanrdbms.sco.Identification</logger>
  <level>INFO</level>
  <class>com.rochade.rdbms.post.logging.SUPLogger</class>
  <method>log</method>
  <thread>1</thread>
  <message>Identifying schema EXFSYS</message>
</record>
<record>
  <date>2019-12-16T19:26:17</date>
  <millis>1576509977418</millis>
  <sequence>28</sequence>
  <logger>com.rochade.scanrdbms.sco.Identification</logger>
  <level>INFO</level>
  <class>com.rochade.rdbms.post.logging.SUPLogger</class>
  <method>log</method>
  <thread>1</thread>
  <message>Identifying schema FLOWS_FILES</message>
</record>
<record>
  <date>2019-12-16T19:26:19</date>
  <millis>1576509979623</millis>
  <sequence>29</sequence>
  <logger>com.rochade.scanrdbms.sco.Identification</logger>
  <level>INFO</level>
  <class>com.rochade.rdbms.post.logging.SUPLogger</class>
  <method>log</method>
  <thread>1</thread>
  <message>Identifying schema MDSYS</message>
</record>
<record>
  <date>2019-12-16T19:26:22</date>
  <millis>1576509982321</millis>
  <sequence>30</sequence>
  <logger>com.rochade.scanrdbms.sco.Identification</logger>
  <level>INFO</level>
  <class>com.rochade.rdbms.post.logging.SUPLogger</class>
  <method>log</method>
  <thread>1</thread>
  <message>Identifying schema OBI12C_BIPLATFORM</message>
</record>
<record>
  <date>2019-12-16T19:26:24</date>
  <millis>1576509984930</millis>
  <sequence>31</sequence>
  <logger>com.rochade.scanrdbms.sco.Identification</logger>
  <level>INFO</level>
  <class>com.rochade.rdbms.post.logging.SUPLogger</class>
  <method>log</method>
  <thread>1</thread>
  <message>Identifying schema OBI12C_IAU</message>
</record>
<record>
  <date>2019-12-16T19:26:27</date>
  <millis>1576509987399</millis>
  <sequence>32</sequence>
  <logger>com.rochade.scanrdbms.sco.Identification</logger>
  <level>INFO</level>
  <class>com.rochade.rdbms.post.logging.SUPLogger</class>
  <method>log</method>
  <thread>1</thread>
  <message>Identifying schema OBI12C_IAU_APPEND</message>
</record>
<record>
  <date>2019-12-16T19:26:28</date>
  <millis>1576509988524</millis>
  <sequence>33</sequence>
  <logger>com.rochade.scanrdbms.sco.Identification</logger>
  <level>INFO</level>
  <class>com.rochade.rdbms.post.logging.SUPLogger</class>
  <method>log</method>
  <thread>1</thread>
  <message>Identifying schema OBI12C_IAU_VIEWER</message>
</record>
<record>
  <date>2019-12-16T19:26:29</date>
  <millis>1576509989680</millis>
  <sequence>34</sequence>
  <logger>com.rochade.scanrdbms.sco.Identification</logger>
  <level>INFO</level>
  <class>com.rochade.rdbms.post.logging.SUPLogger</class>
  <method>log</method>
  <thread>1</thread>
  <message>Identifying schema OBI12C_MDS</message>
</record>
<record>
  <date>2019-12-16T19:26:32</date>
  <millis>1576509992123</millis>
  <sequence>35</sequence>
  <logger>com.rochade.scanrdbms.sco.Identification</logger>
  <level>INFO</level>
  <class>com.rochade.rdbms.post.logging.SUPLogger</class>
  <method>log</method>
  <thread>1</thread>
  <message>Identifying schema OBI12C_OPSS</message>
</record>
<record>
  <date>2019-12-16T19:26:34</date>
  <millis>1576509994545</millis>
  <sequence>36</sequence>
  <logger>com.rochade.scanrdbms.sco.Identification</logger>
  <level>INFO</level>
  <class>com.rochade.rdbms.post.logging.SUPLogger</class>
  <method>log</method>
  <thread>1</thread>
  <message>Identifying schema OBI12C_STB</message>
</record>
<record>
  <date>2019-12-16T19:26:36</date>
  <millis>1576509996823</millis>
  <sequence>37</sequence>
  <logger>com.rochade.scanrdbms.sco.Identification</logger>
  <level>INFO</level>
  <class>com.rochade.rdbms.post.logging.SUPLogger</class>
  <method>log</method>
  <thread>1</thread>
  <message>Identifying schema OBI12C_WLS</message>
</record>
<record>
  <date>2019-12-16T19:26:39</date>
  <millis>1576509999198</millis>
  <sequence>38</sequence>
  <logger>com.rochade.scanrdbms.sco.Identification</logger>
  <level>INFO</level>
  <class>com.rochade.rdbms.post.logging.SUPLogger</class>
  <method>log</method>
  <thread>1</thread>
  <message>Identifying schema OBI12C_WLS_RUNTIME</message>
</record>
<record>
  <date>2019-12-16T19:26:41</date>
  <millis>1576510001526</millis>
  <sequence>39</sequence>
  <logger>com.rochade.scanrdbms.sco.Identification</logger>
  <level>INFO</level>
  <class>com.rochade.rdbms.post.logging.SUPLogger</class>
  <method>log</method>
  <thread>1</thread>
  <message>Identifying schema OLAPSYS</message>
</record>
<record>
  <date>2019-12-16T19:26:44</date>
  <millis>1576510004042</millis>
  <sequence>40</sequence>
  <logger>com.rochade.scanrdbms.sco.Identification</logger>
  <level>INFO</level>
  <class>com.rochade.rdbms.post.logging.SUPLogger</class>
  <method>log</method>
  <thread>1</thread>
  <message>Identifying schema ORACLE_OCM</message>
</record>
<record>
  <date>2019-12-16T19:26:45</date>
  <millis>1576510005182</millis>
  <sequence>41</sequence>
  <logger>com.rochade.scanrdbms.sco.Identification</logger>
  <level>INFO</level>
  <class>com.rochade.rdbms.post.logging.SUPLogger</class>
  <method>log</method>
  <thread>1</thread>
  <message>Identifying schema ORDDATA</message>
</record>
<record>
  <date>2019-12-16T19:26:47</date>
  <millis>1576510007542</millis>
  <sequence>42</sequence>
  <logger>com.rochade.scanrdbms.sco.Identification</logger>
  <level>INFO</level>
  <class>com.rochade.rdbms.post.logging.SUPLogger</class>
  <method>log</method>
  <thread>1</thread>
  <message>Identifying schema ORDPLUGINS</message>
</record>
<record>
  <date>2019-12-16T19:26:48</date>
  <millis>1576510008667</millis>
  <sequence>43</sequence>
  <logger>com.rochade.scanrdbms.sco.Identification</logger>
  <level>INFO</level>
  <class>com.rochade.rdbms.post.logging.SUPLogger</class>
  <method>log</method>
  <thread>1</thread>
  <message>Identifying schema ORDSYS</message>
</record>
<record>
  <date>2019-12-16T19:26:51</date>
  <millis>1576510011104</millis>
  <sequence>44</sequence>
  <logger>com.rochade.scanrdbms.sco.Identification</logger>
  <level>INFO</level>
  <class>com.rochade.rdbms.post.logging.SUPLogger</class>
  <method>log</method>
  <thread>1</thread>
  <message>Identifying schema OUTLN</message>
</record>
<record>
  <date>2019-12-16T19:26:52</date>
  <millis>1576510012370</millis>
  <sequence>45</sequence>
  <logger>com.rochade.scanrdbms.sco.Identification</logger>
  <level>INFO</level>
  <class>com.rochade.rdbms.post.logging.SUPLogger</class>
  <method>log</method>
  <thread>1</thread>
  <message>Identifying schema OWBSYS</message>
</record>
<record>
  <date>2019-12-16T19:26:54</date>
  <millis>1576510014651</millis>
  <sequence>46</sequence>
  <logger>com.rochade.scanrdbms.sco.Identification</logger>
  <level>INFO</level>
  <class>com.rochade.rdbms.post.logging.SUPLogger</class>
  <method>log</method>
  <thread>1</thread>
  <message>Identifying schema OWBSYS_AUDIT</message>
</record>
<record>
  <date>2019-12-16T19:26:55</date>
  <millis>1576510015933</millis>
  <sequence>47</sequence>
  <logger>com.rochade.scanrdbms.sco.Identification</logger>
  <level>INFO</level>
  <class>com.rochade.rdbms.post.logging.SUPLogger</class>
  <method>log</method>
  <thread>1</thread>
  <message>Identifying schema PUBLIC</message>
</record>
<record>
  <date>2019-12-16T19:26:59</date>
  <millis>1576510019163</millis>
  <sequence>48</sequence>
  <logger>com.rochade.scanrdbms.sco.Identification</logger>
  <level>INFO</level>
  <class>com.rochade.rdbms.post.logging.SUPLogger</class>
  <method>log</method>
  <thread>1</thread>
  <message>Identifying schema SCOTT</message>
</record>
<record>
  <date>2019-12-16T19:27:01</date>
  <millis>1576510021663</millis>
  <sequence>49</sequence>
  <logger>com.rochade.scanrdbms.sco.Identification</logger>
  <level>INFO</level>
  <class>com.rochade.rdbms.post.logging.SUPLogger</class>
  <method>log</method>
  <thread>1</thread>
  <message>Identifying schema SI_INFORMTN_SCHEMA</message>
</record>
<record>
  <date>2019-12-16T19:27:02</date>
  <millis>1576510022866</millis>
  <sequence>50</sequence>
  <logger>com.rochade.scanrdbms.sco.Identification</logger>
  <level>INFO</level>
  <class>com.rochade.rdbms.post.logging.SUPLogger</class>
  <method>log</method>
  <thread>1</thread>
  <message>Identifying schema SYS</message>
</record>
<record>
  <date>2019-12-16T19:27:09</date>
  <millis>1576510029538</millis>
  <sequence>51</sequence>
  <logger>com.rochade.scanrdbms.sco.Identification</logger>
  <level>INFO</level>
  <class>com.rochade.rdbms.post.logging.SUPLogger</class>
  <method>log</method>
  <thread>1</thread>
  <message>Identifying schema SYSMAN</message>
</record>
<record>
  <date>2019-12-16T19:27:12</date>
  <millis>1576510032881</millis>
  <sequence>52</sequence>
  <logger>com.rochade.scanrdbms.sco.Identification</logger>
  <level>INFO</level>
  <class>com.rochade.rdbms.post.logging.SUPLogger</class>
  <method>log</method>
  <thread>1</thread>
  <message>Identifying schema SYSTEM</message>
</record>
<record>
  <date>2019-12-16T19:27:15</date>
  <millis>1576510035355</millis>
  <sequence>53</sequence>
  <logger>com.rochade.scanrdbms.sco.Identification</logger>
  <level>INFO</level>
  <class>com.rochade.rdbms.post.logging.SUPLogger</class>
  <method>log</method>
  <thread>1</thread>
  <message>Identifying schema UAT12C_BIPLATFORM</message>
</record>
<record>
  <date>2019-12-16T19:28:21</date>
  <millis>1576510101935</millis>
  <sequence>54</sequence>
  <logger>com.rochade.scanrdbms.sco.Identification</logger>
  <level>INFO</level>
  <class>com.rochade.rdbms.post.logging.SUPLogger</class>
  <method>log</method>
  <thread>1</thread>
  <message>Identifying schema UAT12C_IAU</message>
</record>
<record>
  <date>2019-12-16T19:28:24</date>
  <millis>1576510104373</millis>
  <sequence>55</sequence>
  <logger>com.rochade.scanrdbms.sco.Identification</logger>
  <level>INFO</level>
  <class>com.rochade.rdbms.post.logging.SUPLogger</class>
  <method>log</method>
  <thread>1</thread>
  <message>Identifying schema UAT12C_IAU_APPEND</message>
</record>
<record>
  <date>2019-12-16T19:28:25</date>
  <millis>1576510105529</millis>
  <sequence>56</sequence>
  <logger>com.rochade.scanrdbms.sco.Identification</logger>
  <level>INFO</level>
  <class>com.rochade.rdbms.post.logging.SUPLogger</class>
  <method>log</method>
  <thread>1</thread>
  <message>Identifying schema UAT12C_IAU_VIEWER</message>
</record>
<record>
  <date>2019-12-16T19:28:26</date>
  <millis>1576510106717</millis>
  <sequence>57</sequence>
  <logger>com.rochade.scanrdbms.sco.Identification</logger>
  <level>INFO</level>
  <class>com.rochade.rdbms.post.logging.SUPLogger</class>
  <method>log</method>
  <thread>1</thread>
  <message>Identifying schema UAT12C_MDS</message>
</record>
<record>
  <date>2019-12-16T19:28:29</date>
  <millis>1576510109076</millis>
  <sequence>58</sequence>
  <logger>com.rochade.scanrdbms.sco.Identification</logger>
  <level>INFO</level>
  <class>com.rochade.rdbms.post.logging.SUPLogger</class>
  <method>log</method>
  <thread>1</thread>
  <message>Identifying schema UAT12C_OPSS</message>
</record>
<record>
  <date>2019-12-16T19:28:31</date>
  <millis>1576510111545</millis>
  <sequence>59</sequence>
  <logger>com.rochade.scanrdbms.sco.Identification</logger>
  <level>INFO</level>
  <class>com.rochade.rdbms.post.logging.SUPLogger</class>
  <method>log</method>
  <thread>1</thread>
  <message>Identifying schema UAT12C_STB</message>
</record>
<record>
  <date>2019-12-16T19:28:33</date>
  <millis>1576510113780</millis>
  <sequence>60</sequence>
  <logger>com.rochade.scanrdbms.sco.Identification</logger>
  <level>INFO</level>
  <class>com.rochade.rdbms.post.logging.SUPLogger</class>
  <method>log</method>
  <thread>1</thread>
  <message>Identifying schema UAT12C_UMS</message>
</record>
<record>
  <date>2019-12-16T19:28:36</date>
  <millis>1576510116139</millis>
  <sequence>61</sequence>
  <logger>com.rochade.scanrdbms.sco.Identification</logger>
  <level>INFO</level>
  <class>com.rochade.rdbms.post.logging.SUPLogger</class>
  <method>log</method>
  <thread>1</thread>
  <message>Identifying schema UAT12C_WLS</message>
</record>
<record>
  <date>2019-12-16T19:28:38</date>
  <millis>1576510118436</millis>
  <sequence>62</sequence>
  <logger>com.rochade.scanrdbms.sco.Identification</logger>
  <level>INFO</level>
  <class>com.rochade.rdbms.post.logging.SUPLogger</class>
  <method>log</method>
  <thread>1</thread>
  <message>Identifying schema UAT12C_WLS_RUNTIME</message>
</record>
<record>
  <date>2019-12-16T19:28:40</date>
  <millis>1576510120717</millis>
  <sequence>63</sequence>
  <logger>com.rochade.scanrdbms.sco.Identification</logger>
  <level>INFO</level>
  <class>com.rochade.rdbms.post.logging.SUPLogger</class>
  <method>log</method>
  <thread>1</thread>
  <message>Identifying schema UATUS12C_BIPLATFORM</message>
</record>
<record>
  <date>2019-12-16T19:28:43</date>
  <millis>1576510123249</millis>
  <sequence>64</sequence>
  <logger>com.rochade.scanrdbms.sco.Identification</logger>
  <level>INFO</level>
  <class>com.rochade.rdbms.post.logging.SUPLogger</class>
  <method>log</method>
  <thread>1</thread>
  <message>Identifying schema UATUS12C_IAU</message>
</record>
<record>
  <date>2019-12-16T19:28:45</date>
  <millis>1576510125634</millis>
  <sequence>65</sequence>
  <logger>com.rochade.scanrdbms.sco.Identification</logger>
  <level>INFO</level>
  <class>com.rochade.rdbms.post.logging.SUPLogger</class>
  <method>log</method>
  <thread>1</thread>
  <message>Identifying schema UATUS12C_IAU_APPEND</message>
</record>
<record>
  <date>2019-12-16T19:28:46</date>
  <millis>1576510126744</millis>
  <sequence>66</sequence>
  <logger>com.rochade.scanrdbms.sco.Identification</logger>
  <level>INFO</level>
  <class>com.rochade.rdbms.post.logging.SUPLogger</class>
  <method>log</method>
  <thread>1</thread>
  <message>Identifying schema UATUS12C_IAU_VIEWER</message>
</record>
<record>
  <date>2019-12-16T19:28:47</date>
  <millis>1576510127869</millis>
  <sequence>67</sequence>
  <logger>com.rochade.scanrdbms.sco.Identification</logger>
  <level>INFO</level>
  <class>com.rochade.rdbms.post.logging.SUPLogger</class>
  <method>log</method>
  <thread>1</thread>
  <message>Identifying schema UATUS12C_MDS</message>
</record>
<record>
  <date>2019-12-16T19:28:50</date>
  <millis>1576510130134</millis>
  <sequence>68</sequence>
  <logger>com.rochade.scanrdbms.sco.Identification</logger>
  <level>INFO</level>
  <class>com.rochade.rdbms.post.logging.SUPLogger</class>
  <method>log</method>
  <thread>1</thread>
  <message>Identifying schema UATUS12C_OPSS</message>
</record>
<record>
  <date>2019-12-16T19:28:52</date>
  <millis>1576510132501</millis>
  <sequence>69</sequence>
  <logger>com.rochade.scanrdbms.sco.Identification</logger>
  <level>INFO</level>
  <class>com.rochade.rdbms.post.logging.SUPLogger</class>
  <method>log</method>
  <thread>1</thread>
  <message>Identifying schema UATUS12C_STB</message>
</record>
<record>
  <date>2019-12-16T19:28:54</date>
  <millis>1576510134796</millis>
  <sequence>70</sequence>
  <logger>com.rochade.scanrdbms.sco.Identification</logger>
  <level>INFO</level>
  <class>com.rochade.rdbms.post.logging.SUPLogger</class>
  <method>log</method>
  <thread>1</thread>
  <message>Identifying schema UATUS12C_WLS</message>
</record>
<record>
  <date>2019-12-16T19:28:57</date>
  <millis>1576510137140</millis>
  <sequence>71</sequence>
  <logger>com.rochade.scanrdbms.sco.Identification</logger>
  <level>INFO</level>
  <class>com.rochade.rdbms.post.logging.SUPLogger</class>
  <method>log</method>
  <thread>1</thread>
  <message>Identifying schema UATUS12C_WLS_RUNTIME</message>
</record>
<record>
  <date>2019-12-16T19:28:59</date>
  <millis>1576510139390</millis>
  <sequence>72</sequence>
  <logger>com.rochade.scanrdbms.sco.Identification</logger>
  <level>INFO</level>
  <class>com.rochade.rdbms.post.logging.SUPLogger</class>
  <method>log</method>
  <thread>1</thread>
  <message>Identifying schema WMSYS</message>
</record>
<record>
  <date>2019-12-16T19:29:01</date>
  <millis>1576510141905</millis>
  <sequence>73</sequence>
  <logger>com.rochade.scanrdbms.sco.Identification</logger>
  <level>INFO</level>
  <class>com.rochade.rdbms.post.logging.SUPLogger</class>
  <method>log</method>
  <thread>1</thread>
  <message>Identifying schema XDB</message>
</record>
<record>
  <date>2019-12-16T19:29:04</date>
  <millis>1576510144757</millis>
  <sequence>74</sequence>
  <logger>com.rochade.scanrdbms.sco.Identification</logger>
  <level>INFO</level>
  <class>com.rochade.rdbms.post.logging.SUPLogger</class>
  <method>log</method>
  <thread>1</thread>
  <message>Identification in DATAMART completed</message>
</record>
<record>
  <date>2019-12-16T19:29:04</date>
  <millis>1576510144898</millis>
  <sequence>75</sequence>
  <logger>com.rochade.scanrdbms.sco.ScanOrac</logger>
  <level>INFO</level>
  <class>com.rochade.rdbms.post.logging.SUPLogger</class>
  <method>log</method>
  <thread>1</thread>
  <message>Processing schema ALCHEMY (1/1)</message>
</record>
<record>
  <date>2019-12-16T19:30:41</date>
  <millis>1576510241270</millis>
  <sequence>76</sequence>
  <logger>com.rochade.scanrdbms.sco.ScanOrac</logger>
  <level>INFO*</level>
  <class>com.rochade.logging.juli.RochadeJuliSupport</class>
  <method>logWithLabel</method>
  <thread>1</thread>
  <message>Processing finished: it took 12:36.139 min</message>
  <param>[%END%]</param>
</record>
<record>
  <date>2019-12-16T19:30:41</date>
  <millis>1576510241286</millis>
  <sequence>77</sequence>
  <logger>com.rochade.scanrdbms.sco.ScanWriter</logger>
  <level>INFO</level>
  <class>com.rochade.logging.juli.RochadeJuliSupport</class>
  <method>logWithLabel</method>
  <thread>1</thread>
  <message>Items created:
ARGUMENT          = 19
ATTRIBUTE         = 0
CLUSTER           = 0
COLUMN            = 829
COLUMN EXPRESSION = 0
ORA_COMPONENT     = 0
CONSTRAINT        = 0
ORA_CONTENT       = 0
DATAFILE          = 0
DATABASE          = 1
DB LINK           = 0
ORA_DIRECTORY     = 0
FUNCTION          = 0
INDEX             = 0
LOB               = 0
PACKAGE           = 0
PARAMETER         = 0
INIT PARAMETER    = 0
PARTITION         = 0
PROCEDURE         = 25
ROLE              = 0
SCHEMA            = 1
SEQUENCE          = 0
SERVER            = 0
SERVICE           = 0
ORA_SQL-SCRIPT    = 0
SYNONYM           = 0
TABLE             = 4
TABLESPACE        = 0
TRIGGER           = 0
TYPE              = 0
USER              = 0
VARRAY            = 0
VIEW              = 0
Total items       = 879</message>
  <param>[%SUMMARY%]</param>
</record>
<record>
  <date>2019-12-16T19:30:41</date>
  <millis>1576510241286</millis>
  <sequence>78</sequence>
  <logger>com.rochade.scanrdbms.sco.ScanWriter</logger>
  <level>INFO</level>
  <class>com.rochade.rdbms.post.logging.SUPLogger</class>
  <method>log</method>
  <thread>1</thread>
  <message>Items created as link targets:
ARGUMENT          = 0
ATTRIBUTE         = 0
CLUSTER           = 0
COLUMN            = 0
COLUMN EXPRESSION = 0
ORA_COMPONENT     = 0
CONSTRAINT        = 0
ORA_CONTENT       = 0
DATAFILE          = 0
DATABASE          = 0
DB LINK           = 0
ORA_DIRECTORY     = 0
FUNCTION          = 1
INDEX             = 17
LOB               = 0
PACKAGE           = 2
PARAMETER         = 0
INIT PARAMETER    = 0
PARTITION         = 0
PROCEDURE         = 3
ROLE              = 0
SCHEMA            = 0
SEQUENCE          = 0
SERVER            = 0
SERVICE           = 0
ORA_SQL-SCRIPT    = 0
SYNONYM           = 1
TABLE             = 79
TABLESPACE        = 1
TRIGGER           = 28
TYPE              = 1
USER              = 0
VARRAY            = 0
VIEW              = 0
Total items       = 133</message>
</record>
<record>
  <date>2019-12-16T19:30:41</date>
  <millis>1576510241286</millis>
  <sequence>79</sequence>
  <logger>com.rochade.scanrdbms.sco.ScanOrac</logger>
  <level>INFO</level>
  <class>com.rochade.rdbms.post.logging.SUPLogger</class>
  <method>log</method>
  <thread>1</thread>
  <message>ASG-Rochade � ScanOrac terminates. [RC=0]</message>
</record>
</log>
