<?xml version='1.0' encoding='UTF-8'?>
<!DOCTYPE XMI SYSTEM 'http://schema.asg.com/rochade/xml/RNX_1_5.dtd'>
<XMI timestamp='12/16/2019 18:03:40 GST' verified='false' xmi.version='1.0'>
	<XMI.header>
		<XMI.documentation>
			<XMI.exporter>ASG-Rochade XML Facilities Exporter</XMI.exporter>
			<XMI.exporterVersion>2.70.003</XMI.exporterVersion>
		</XMI.documentation>
		<XMI.model xmi.name='RNX' xmi.version='1.5'/>
		<XMI.model xmi.name='SCANNER' xmi.version='STAGING' href='rochade://NUVWASGDIAPP01.bankfab.com:8888/ADMIN/AP-DATA/S/SCANNER/STAGING'>Created  12/10/2019     19:25:23
</XMI.model>
	</XMI.header>
	<XMI.content xmi.uuid='XMLDsp|SERVER1|AP-DATA|ADMIN|S|SCANNER|STAGING' uuidDel='|'>
		<ITEM xmi.id='_46' itemType='ORA_DATABASE' itemName='DATAMART'>
			<ATTRIBUTES>
				<ATTRIBUTE attrType='Lnk' attrName='ORA_HAS-SCHEMA' linkType='Xns'>
					<ITEMS>
						<ITEM xmi.id='_43' itemType='ORA_SCHEMA' itemName='ALCHEMY' itemScope='_46'>
							<ATTRIBUTES>
								<ATTRIBUTE attrType='Lnk' attrName='ORA_HAS-PROCEDURE' linkType='Xns'>
									<ITEMS>
										<ITEM xmi.id='_45' itemType='ORA_FUNCTION' itemName='IS_NUMBER' itemScope='_43'/>
									</ITEMS>
								</ATTRIBUTE>
								<ATTRIBUTE attrType='Lnk' attrName='ORA_HAS-TABLE' linkType='Xns'>
									<ITEMS>
										<ITEM xmi.id='_1' itemType='ORA_TABLE' itemName='DIM_CONTRACTS' itemScope='_43'/>
										<ITEM xmi.id='_2' itemType='ORA_TABLE' itemName='INTRIM_IFRS_LOANDEPO_GL' itemScope='_43'/>
										<ITEM xmi.id='_4' itemType='ORA_TABLE' itemName='FACT_OFSAA_PAYMENT_SCHEDULE' itemScope='_43'/>
										<ITEM xmi.id='_5' itemType='ORA_TABLE' itemName='FAB_MSPP_GL_MAP' itemScope='_43'/>
										<ITEM xmi.id='_6' itemType='ORA_TABLE' itemName='REF_IFRS_FEES' itemScope='_43'/>
										<ITEM xmi.id='_7' itemType='ORA_TABLE' itemName='IFRS_FAB_REF_MAPPING' itemScope='_43'/>
										<ITEM xmi.id='_8' itemType='ORA_TABLE' itemName='DIM_CATEGORY' itemScope='_43'/>
										<ITEM xmi.id='_9' itemType='ORA_TABLE' itemName='VW_GL_DAILY_RATES_KSA' itemScope='_43'/>
										<ITEM xmi.id='_10' itemType='ORA_TABLE' itemName='FCT_MM_MONEY_MARKET_DLY_SNP' itemScope='_43'/>
										<ITEM xmi.id='_11' itemType='ORA_TABLE' itemName='VW_GL_DAILY_RATES' itemScope='_43'/>
										<ITEM xmi.id='_12' itemType='ORA_TABLE' itemName='VW_GL_DAILY_RATES_SNG' itemScope='_43'/>
										<ITEM xmi.id='_13' itemType='ORA_TABLE' itemName='TEMP_IFRS_ACCOUNT' itemScope='_43'/>
										<ITEM xmi.id='_14' itemType='ORA_TABLE' itemName='FCT_MG_MORTGAGE_DLY_SNAPSHOT' itemScope='_43'/>
										<ITEM xmi.id='_16' itemType='ORA_TABLE' itemName='VW_GL_DAILY_RATES_QAB' itemScope='_43'/>
										<ITEM xmi.id='_17' itemType='ORA_TABLE' itemName='INTRIM_IFRS_LOAN_MM' itemScope='_43'/>
										<ITEM xmi.id='_18' itemType='ORA_TABLE' itemName='INTRIM_IFRS_LOAN_LD' itemScope='_43'/>
										<ITEM xmi.id='_19' itemType='ORA_TABLE' itemName='INTR_IFRS_OSX_SEG_AGG_RPT' itemScope='_43'/>
										<ITEM xmi.id='_20' itemType='ORA_TABLE' itemName='FCT_LD_DAILY_SNAPSHOT' itemScope='_43'/>
										<ITEM xmi.id='_21' itemType='ORA_TABLE' itemName='DIM_OSX_GL_ACCOUNTS_GFR' itemScope='_43'/>
										<ITEM xmi.id='_22' itemType='ORA_TABLE' itemName='IFRS_T24_GLCMS_IND_MAP' itemScope='_43'/>
										<ITEM xmi.id='_23' itemType='ORA_TABLE' itemName='INTRIM_IFRS_LOAN_OD' itemScope='_43'>
											<ATTRIBUTES>
												<ATTRIBUTE attrType='Txt' attrName='DEFINITION' contentType='text/plain'>created by ASG-Rochade SCANORAC</ATTRIBUTE>
												<ATTRIBUTE attrType='Lnk' attrName='ORA_DEPENDENCIES' linkType='Set'>
													<ITEMS>
														<ITEM xmi.idref='_45' itemType='ORA_FUNCTION' itemName='IS_NUMBER' itemScope='_43' linkInfo='FUNCTION'/>
													</ITEMS>
												</ATTRIBUTE>
											</ATTRIBUTES>
										</ITEM>
										<ITEM xmi.id='_25' itemType='ORA_TABLE' itemName='INTRIM_IFRS_LOAN_MG' itemScope='_43'/>
										<ITEM xmi.id='_26' itemType='ORA_TABLE' itemName='RDM_FCT_T24_CRB' itemScope='_43'/>
										<ITEM xmi.id='_27' itemType='ORA_TABLE' itemName='REF_IFRS_RESTRUCT' itemScope='_43'/>
										<ITEM xmi.id='_28' itemType='ORA_TABLE' itemName='REF_IFRS_PRODUCTS_MAPPING' itemScope='_43'/>
										<ITEM xmi.id='_29' itemType='ORA_TABLE' itemName='INTRIM_IFRS_CB_BASE_AGG' itemScope='_43'/>
										<ITEM xmi.id='_30' itemType='ORA_TABLE' itemName='IFRS_COA' itemScope='_43'/>
										<ITEM xmi.id='_31' itemType='ORA_TABLE' itemName='IFRS_FGB_ENTITY_TYPE' itemScope='_43'/>
										<ITEM xmi.id='_32' itemType='ORA_TABLE' itemName='FCT_PAYMENT_DUE_DLY_SNAPSHOT' itemScope='_43'/>
										<ITEM xmi.id='_33' itemType='ORA_TABLE' itemName='VW_GL_DAILY_RATES_USA' itemScope='_43'/>
										<ITEM xmi.id='_34' itemType='ORA_TABLE' itemName='FCT_LC_DAILY_SNAPSHOT' itemScope='_43'/>
										<ITEM xmi.id='_36' itemType='ORA_TABLE' itemName='IFRS_OSX_SEGMENTAL_AGG_RPT' itemScope='_43'/>
										<ITEM xmi.id='_37' itemType='ORA_TABLE' itemName='TEMP_IFRS_CUSTOMERS' itemScope='_43'/>
										<ITEM xmi.id='_38' itemType='ORA_TABLE' itemName='DIM_CARD_TYPE' itemScope='_43'/>
										<ITEM xmi.id='_39' itemType='ORA_TABLE' itemName='REF_IFRS_DPD' itemScope='_43'/>
										<ITEM xmi.id='_40' itemType='ORA_TABLE' itemName='DIM_REV_BUSINESS_SEGMENTS' itemScope='_43'/>
										<ITEM xmi.id='_41' itemType='ORA_TABLE' itemName='FCT_LG_DAILY_SNAPSHOT' itemScope='_43'/>
										<ITEM xmi.id='_42' itemType='ORA_TABLE' itemName='INTRIM_IFRS_LOAN_CARDS' itemScope='_43'/>
									</ITEMS>
								</ATTRIBUTE>
							</ATTRIBUTES>
						</ITEM>
						<ITEM xmi.id='_44' itemType='ORA_SCHEMA' itemName='DCA' itemScope='_46'>
							<ATTRIBUTES>
								<ATTRIBUTE attrType='Lnk' attrName='ORA_HAS-TABLE' linkType='Xns'>
									<ITEMS>
										<ITEM xmi.id='_0' itemType='ORA_TABLE' itemName='L114_C_DTL1_REP' itemScope='_44'/>
										<ITEM xmi.id='_3' itemType='ORA_TABLE' itemName='L114_F_DTL_REP' itemScope='_44'/>
										<ITEM xmi.id='_15' itemType='ORA_TABLE' itemName='L114_INDTL_REP' itemScope='_44'/>
										<ITEM xmi.id='_24' itemType='ORA_TABLE' itemName='L201_DW_TI_PAYMENT_SCHEDULE' itemScope='_44'/>
										<ITEM xmi.id='_35' itemType='ORA_TABLE' itemName='GLCMS_CONTRACT_REP' itemScope='_44'/>
									</ITEMS>
								</ATTRIBUTE>
							</ATTRIBUTES>
						</ITEM>
					</ITEMS>
				</ATTRIBUTE>
			</ATTRIBUTES>
		</ITEM>
	</XMI.content>
</XMI>