<?xml version="1.0" encoding="windows-1252" standalone="no"?>
<!DOCTYPE log SYSTEM "logger.dtd">
<log>
<record>
  <date>2019-12-17T15:06:43</date>
  <millis>1576580803172</millis>
  <sequence>0</sequence>
  <logger>de.rochade.xml.RoXmlSession$Info</logger>
  <level>INFO</level>
  <class>de.rochade.xml.RoXmlSession$Info</class>
  <method></method>
  <thread>1</thread>
  <message>START ASG-Rochade XML Facilities 2.70.003 using ASG-Rochade(R) Java API 4.80.000</message>
</record>
<record>
  <date>2019-12-17T15:06:43</date>
  <millis>1576580803250</millis>
  <sequence>1</sequence>
  <logger>de.rochade.xml.RoXmlSession$Info</logger>
  <level>INFO</level>
  <class>de.rochade.xml.RoXmlSession$Info</class>
  <method></method>
  <thread>1</thread>
  <message>ARGS [import, -m=C:/ASG/Rochade/Metability/../scanoracle/V400/schema/Oracle-ExchModel.xml, -i=C:/ASG/Scanners/ORACLE2/OraDB.xml, -me=999999, --isThrowingExceptionOnDeferredError=off, -g=C:/ASG/Scanners/ORACLE2/OraDB.xml.import.log, -ga=on, -t=rochade://localhost:8888/ADMIN/AP-DATA/S/SCANNER/STAGING?pwd=*]</message>
</record>
<record>
  <date>2019-12-17T15:06:53</date>
  <millis>1576580813515</millis>
  <sequence>2</sequence>
  <logger>de.rochade.xml.RoXmlSession$Info</logger>
  <level>INFO</level>
  <class>de.rochade.xml.RoXmlSession$Info</class>
  <method></method>
  <thread>1</thread>
  <message>STAT (5,175 item definitions (504/s), 120 item declarations (11/s), 0 item removed (0/s), 0 component removed (0/s), 0 item write failure (0/s), 0 attribute write failure (0/s), 5,453 object definitions (531/s), 83,666 attribute values (8,150/s), 157 references (15/s)) </message>
</record>
<record>
  <date>2019-12-17T15:06:53</date>
  <millis>1576580813531</millis>
  <sequence>3</sequence>
  <logger>de.rochade.xml.RoXmlSession$Info</logger>
  <level>INFO</level>
  <class>de.rochade.xml.RoXmlSession$Info</class>
  <method></method>
  <thread>1</thread>
  <message>END_SUCCESS</message>
</record>
</log>
