<?xml version="1.0" encoding="windows-1252" standalone="no"?>
<!DOCTYPE log SYSTEM "logger.dtd">
<log>
<record>
  <date>2019-12-17T14:47:29</date>
  <millis>1576579649409</millis>
  <sequence>0</sequence>
  <logger>com.rochade.scanrdbms.sco.ScanOrac</logger>
  <level>INFO*</level>
  <class>com.rochade.logging.juli.RochadeJuliSupport</class>
  <method>logWithLabel</method>
  <thread>1</thread>
  <message>ASG-Rochade � ScanOrac - Version 4.01.001-47</message>
  <param>[%TITLE%]</param>
</record>
<record>
  <date>2019-12-17T14:47:29</date>
  <millis>1576579649425</millis>
  <sequence>1</sequence>
  <logger>com.rochade.scanrdbms.sco.ScanOrac</logger>
  <level>INFO*</level>
  <class>com.rochade.rdbms.utils.SULogger</class>
  <method>log</method>
  <thread>1</thread>
  <message>Copyright (c) 1983-2099 ASG GmbH &amp; Co. KG, a wholly owned subsidiary of ASG Technologies, Inc. All rights reserved.</message>
</record>
<record>
  <date>2019-12-17T14:47:29</date>
  <millis>1576579649425</millis>
  <sequence>2</sequence>
  <logger>com.rochade.scanrdbms.sco.OraProperties</logger>
  <level>CONFIG</level>
  <class>com.rochade.rdbms.post.logging.SUPLogger</class>
  <method>log</method>
  <thread>1</thread>
  <message>Command-line arguments:-properties=ScanOrac-scan.properties</message>
</record>
<record>
  <date>2019-12-17T14:47:29</date>
  <millis>1576579649425</millis>
  <sequence>3</sequence>
  <logger>com.rochade.scanrdbms.sco.OraProperties</logger>
  <level>CONFIG</level>
  <class>com.rochade.rdbms.post.logging.SUPLogger</class>
  <method>log</method>
  <thread>1</thread>
  <message>Effective scanner properties:
filter.include                 = ScanOrac-include.txt
filter.limitToIncludeList      = false
filter.slashNotation           = false
filter.supportDbs              = NO
filter.type                    = WILDCARD
jdbc.accApplication            = (DESCRIPTION=(ADDRESS=(PROTOCOL=TCP)(HOST=172.28.128.44)(PORT=1524))(CONNECT_DATA=(SERVICE_NAME=DATAMART)))
jdbc.accFile                   = 
jdbc.passwd                    = *****
jdbc.prop.oracle.jdbc.timezoneAsRegion = false
jdbc.prop.useFetchSizeWithLongColumn = true
jdbc.setOptimizerDefaults      = false
jdbc.type                      = thin
jdbc.url                       = (DESCRIPTION=(ADDRESS=(PROTOCOL=TCP)(HOST=172.28.128.44)(PORT=1524))(CONNECT_DATA=(SERVICE_NAME=DATAMART)))
jdbc.user                      = *****
log.durationLimit              = -1
log.statistics                 = C:/ASG/Scanners/ORACLE2/LOG/OraDB-scan-stats.csv
log.sysInfo                    = true
processing.cache               = MEMORY
processing.dbName              = 
processing.pdbs                = true
processing.rowPrefetch         = 1000
processing.rowPrefetchLong     = 500
processing.skipInaccessible    = false
processing.temp                = C:/ASG/Scanners/ORACLE2/TMP
processing.useComments         = false
properties                     = ScanOrac-scan.properties
type.CONSTRAINT                = clear
type.INDEX                     = clear
type.INIT_PARAMETER            = clear
type.PARAMETER                 = clear
type.PARTITION                 = clear
xml.encoding                   = utf-8
xml.file                       = C:/ASG/Scanners/ORACLE2/OraDB.xml
xml.showUnit                   = false
xml.validate                   = false</message>
</record>
<record>
  <date>2019-12-17T14:47:29</date>
  <millis>1576579649441</millis>
  <sequence>4</sequence>
  <logger>com.rochade.scanrdbms.sco.OraProperties</logger>
  <level>CONFIG</level>
  <class>com.rochade.rdbms.post.logging.SUPLogger</class>
  <method>log</method>
  <thread>1</thread>
  <message>Java runtime system properties:
awt.toolkit                    = sun.awt.windows.WToolkit
file.encoding                  = Cp1252
file.encoding.pkg              = sun.io
file.separator                 = \
java.awt.graphicsenv           = sun.awt.Win32GraphicsEnvironment
java.awt.printerjob            = sun.awt.windows.WPrinterJob
java.class.path                = C:/ASG/Scanners/ORACLE/ojdbc6.jar;C:/ASG/Rochade/Metability/../scanoracle/V400/bin/scanorac.jar;C:/ASG/Rochade/Metability/../scanoracle/V400/bin/SQLPostProcess.jar;C:/ASG/Rochade/Metability/../scanoracle/V400/bin/ScannerUtils.jar;C:/ASG/Rochade/Metability/../scanoracle/V400/bin/json.jar;C:/ASG/Rochade/Metability/../bin/roacccxj.jar;C:/ASG/Rochade/Metability/../bin/ScanLogging.jar;C:/ASG/Rochade/Metability/../bin/rochade.jar;
java.class.version             = 52.0
java.endorsed.dirs             = C:\ASG\JRE8\lib\endorsed
java.ext.dirs                  = C:\ASG\JRE8\lib\ext;C:\Windows\Sun\Java\lib\ext
java.home                      = C:\ASG\JRE8
java.io.tmpdir                 = C:\Users\SA-QLV~1\AppData\Local\Temp\4\
java.library.path              = C:/ASG/Rochade/Metability/../bin
java.runtime.name              = Java(TM) SE Runtime Environment
java.runtime.version           = 1.8.0_201-b09
java.specification.name        = Java Platform API Specification
java.specification.vendor      = Oracle Corporation
java.specification.version     = 1.8
java.util.logging.config.file  = ScanOrac-scan-log.properties
java.vendor                    = Oracle Corporation
java.vendor.url                = http://java.oracle.com/
java.vendor.url.bug            = http://bugreport.sun.com/bugreport/
java.version                   = 1.8.0_201
java.vm.info                   = mixed mode
java.vm.name                   = Java HotSpot(TM) 64-Bit Server VM
java.vm.specification.name     = Java Virtual Machine Specification
java.vm.specification.vendor   = Oracle Corporation
java.vm.specification.version  = 1.8
java.vm.vendor                 = Oracle Corporation
java.vm.version                = 25.201-b09
line.separator                 = 

maximum.memory                 = 1820 MB
os.arch                        = amd64
os.name                        = Windows Server 2016
os.version                     = 10.0
path.separator                 = ;
sun.arch.data.model            = 64
sun.boot.class.path            = C:\ASG\JRE8\lib\resources.jar;C:\ASG\JRE8\lib\rt.jar;C:\ASG\JRE8\lib\sunrsasign.jar;C:\ASG\JRE8\lib\jsse.jar;C:\ASG\JRE8\lib\jce.jar;C:\ASG\JRE8\lib\charsets.jar;C:\ASG\JRE8\lib\jfr.jar;C:\ASG\JRE8\classes
sun.boot.library.path          = C:\ASG\JRE8\bin
sun.cpu.endian                 = little
sun.cpu.isalist                = amd64
sun.desktop                    = windows
sun.io.unicode.encoding        = UnicodeLittle
sun.java.command               = com.rochade.scanrdbms.sco.ScanOrac -properties=ScanOrac-scan.properties
sun.java.launcher              = SUN_STANDARD
sun.jnu.encoding               = Cp1252
sun.management.compiler        = HotSpot 64-Bit Tiered Compilers
sun.os.patch.level             = 
sun.stderr.encoding            = cp437
sun.stdout.encoding            = cp437
user.country                   = US
user.dir                       = C:\ASG\Scanners\ORACLE2
user.home                      = C:\Users\SA-QLVSE-SVC-RW
user.language                  = en
user.name                      = SA-QLVSE-SVC-RW
user.script                    = 
user.timezone                  = Asia/Muscat
user.variant                   = </message>
</record>
<record>
  <date>2019-12-17T14:47:29</date>
  <millis>1576579649441</millis>
  <sequence>5</sequence>
  <logger>com.rochade.scanrdbms.sco.OraProperties</logger>
  <level>CONFIG</level>
  <class>com.rochade.rdbms.post.logging.SUPLogger</class>
  <method>log</method>
  <thread>1</thread>
  <message>System environment properties:
=C:                            = C:\ASG\Scanners\ORACLE2
ALLUSERSPROFILE                = C:\ProgramData
APPDATA                        = C:\Users\SA-QLVSE-SVC-RW\AppData\Roaming
BIN                            = C:/ASG/Rochade/Metability/../scanoracle/V400/bin
CLIENTNAME                     = PRVWCTXDMHSD04
COMPUTERNAME                   = NUVWASGDIAPP01
CP                             = "C:/ASG/Scanners/ORACLE/ojdbc6.jar";"C:/ASG/Rochade/Metability/../scanoracle/V400/bin/scanorac.jar";"C:/ASG/Rochade/Metability/../scanoracle/V400/bin/SQLPostProcess.jar";"C:/ASG/Rochade/Metability/../scanoracle/V400/bin/ScannerUtils.jar";"C:/ASG/Rochade/Metability/../scanoracle/V400/bin/json.jar";"C:/ASG/Rochade/Metability/../bin/roacccxj.jar";"C:/ASG/Rochade/Metability/../bin/ScanLogging.jar";"C:/ASG/Rochade/Metability/../bin/rochade.jar";""
ComSpec                        = C:\Windows\system32\cmd.exe
CommonProgramFiles             = C:\Program Files\Common Files
CommonProgramFiles(x86)        = C:\Program Files (x86)\Common Files
CommonProgramW6432             = C:\Program Files\Common Files
ERR                            = 0
HOMEDRIVE                      = C:
HOMEPATH                       = \Users\SA-QLVSE-SVC-RW
JAVA_HOME                      = C:\ASG\JRE8
LOCALAPPDATA                   = C:\Users\SA-QLVSE-SVC-RW\AppData\Local
LOGONSERVER                    = \\PRVWINFRXDCS02
NUMBER_OF_PROCESSORS           = 8
OPT                            = -Xmx2048m -Djava.util.logging.config.file="ScanOrac-scan-log.properties" -Djava.library.path="C:/ASG/Rochade/Metability/../bin"
OS                             = Windows_NT
PATHEXT                        = .COM;.EXE;.BAT;.CMD;.VBS;.VBE;.JS;.JSE;.WSF;.WSH;.MSC
PROCESSOR_ARCHITECTURE         = AMD64
PROCESSOR_IDENTIFIER           = Intel64 Family 6 Model 85 Stepping 7, GenuineIntel
PROCESSOR_LEVEL                = 6
PROCESSOR_REVISION             = 5507
PROMPT                         = $P$G
PSModulePath                   = C:\Program Files\WindowsPowerShell\Modules;C:\Windows\system32\WindowsPowerShell\v1.0\Modules
PUBLIC                         = C:\Users\Public
Path                           = C:\Program Files (x86)\Common Files\Oracle\Java\javapath;C:\Windows\system32;C:\Windows;C:\Windows\System32\Wbem;C:\Windows\System32\WindowsPowerShell\v1.0\;C:\Users\SA-QLVSE-SVC-RW\AppData\Local\Microsoft\WindowsApps;
ProgramData                    = C:\ProgramData
ProgramFiles                   = C:\Program Files
ProgramFiles(x86)              = C:\Program Files (x86)
ProgramW6432                   = C:\Program Files
ROC_BIN                        = C:/ASG/Rochade/Metability/../bin
SESSIONNAME                    = RDP-Tcp#53
SystemDrive                    = C:
SystemRoot                     = C:\Windows
TEMP                           = C:\Users\SA-QLV~1\AppData\Local\Temp\4
TMP                            = C:\Users\SA-QLV~1\AppData\Local\Temp\4
UATDATA                        = C:\Windows\CCM\UATData\D9F8C395-CAB8-491d-B8AC-179A1FE1BE77
USERDNSDOMAIN                  = BANKFAB.COM
USERDOMAIN                     = BANKFAB
USERDOMAIN_ROAMINGPROFILE      = BANKFAB
USERNAME                       = SA-QLVSE-SVC-RW
USERPROFILE                    = C:\Users\SA-QLVSE-SVC-RW
snow_agent                     = C:\Program Files\Snow Software\Inventory\Agent
windir                         = C:\Windows</message>
</record>
<record>
  <date>2019-12-17T14:47:29</date>
  <millis>1576579649456</millis>
  <sequence>6</sequence>
  <logger>com.rochade.scanrdbms.sco.ScanOrac</logger>
  <level>INFO*</level>
  <class>com.rochade.logging.juli.RochadeJuliSupport</class>
  <method>logWithLabel</method>
  <thread>1</thread>
  <message>Start: 2019-12-17 14:47:29</message>
  <param>[%START%]</param>
</record>
<record>
  <date>2019-12-17T14:47:29</date>
  <millis>1576579649550</millis>
  <sequence>7</sequence>
  <logger>com.rochade.scanrdbms.sco.ScanOrac</logger>
  <level>INFO*</level>
  <class>com.rochade.rdbms.utils.SULogger</class>
  <method>log</method>
  <thread>1</thread>
  <message>Library versions:
Java HotSpot(TM) 64-Bit Server VM   version 1.8.0_201       [OK]
scanorac.jar                        version 4.01.001-47     [OK]
ScannerUtils.jar                    version 1.14.003-12     [OK]
ScanLogging.jar                     version 1.03.001-53     [OK]
roacccxj.jar                        version 1.20.000-127    [OK]
ojdbc6.jar                          version 11.2.0.4.0      [N/A]</message>
</record>
<record>
  <date>2019-12-17T14:47:29</date>
  <millis>1576579649566</millis>
  <sequence>8</sequence>
  <logger>com.rochade.scanrdbms.sco.sql.StatementFactory</logger>
  <level>INFO</level>
  <class>com.rochade.rdbms.post.logging.SUPLogger</class>
  <method>log</method>
  <thread>1</thread>
  <message>JDBC connect string: jdbc:oracle:thin:@(DESCRIPTION=(ADDRESS=(PROTOCOL=TCP)(HOST=172.28.128.44)(PORT=1524))(CONNECT_DATA=(SERVICE_NAME=DATAMART)))</message>
</record>
<record>
  <date>2019-12-17T14:47:29</date>
  <millis>1576579649800</millis>
  <sequence>9</sequence>
  <logger>com.rochade.scanrdbms.sco.sql.StatementFactory</logger>
  <level>INFO*</level>
  <class>com.rochade.rdbms.utils.SULogger</class>
  <method>log</method>
  <thread>1</thread>
  <message>Oracle Database 11g Enterprise Edition Release 11.2.0.4.0 - 64bit Production
With the Partitioning, OLAP, Data Mining and Real Application Testing options</message>
</record>
<record>
  <date>2019-12-17T14:47:29</date>
  <millis>1576579649800</millis>
  <sequence>10</sequence>
  <logger>com.rochade.scanrdbms.sco.sql.StatementFactory</logger>
  <level>INFO*</level>
  <class>com.rochade.rdbms.utils.SULogger</class>
  <method>log</method>
  <thread>1</thread>
  <message>Oracle JDBC driver 11.2.0.4.0</message>
</record>
<record>
  <date>2019-12-17T14:47:29</date>
  <millis>1576579649800</millis>
  <sequence>11</sequence>
  <logger>com.rochade.scanrdbms.sco.ObjectFilter</logger>
  <level>CONFIG</level>
  <class>com.rochade.rdbms.post.logging.SUPLogger</class>
  <method>log</method>
  <thread>1</thread>
  <message>Selected filter: Pattern filter using simple wildcards (database support is disabled; using traditional dot notation)</message>
</record>
<record>
  <date>2019-12-17T14:47:29</date>
  <millis>1576579649800</millis>
  <sequence>12</sequence>
  <logger>com.rochade.scanrdbms.sco.ObjectFilter</logger>
  <level>INFO*</level>
  <class>com.rochade.rdbms.utils.SULogger</class>
  <method>log</method>
  <thread>1</thread>
  <message>includes: 
DATABASE.NONCDB
TABLE.ALCHEMY.DIM_ACCOUNTS_OVERDRAWN
TABLE.ALCHEMY.DIM_CONTRACTS
TABLE.ALCHEMY.DIM_CURRENCY
TABLE.ALCHEMY.DIM_GL_ACCOUNTS_CONSOLIDATED
TABLE.ALCHEMY.DIM_LEGAL_ENTITY
TABLE.ALCHEMY.DIM_LOGO_FD
TABLE.ALCHEMY.ENTITY_IFRS_FGB
TABLE.ALCHEMY.FACILITY_IFRS_FGB
TABLE.ALCHEMY.FACILITY_IFRS_NBAD
TABLE.ALCHEMY.FCT_ACCOUNT_DEBIT_INTEREST
TABLE.ALCHEMY.FCT_CARDS_CH_PH_HIST
TABLE.ALCHEMY.FCT_GLCMS_COLLATERAL_REP
TABLE.ALCHEMY.FCT_IFRS_COLLATERAL_FINAL
TABLE.ALCHEMY.FCT_LD_DAILY_SNAPSHOT
TABLE.ALCHEMY.FCT_MG_MORTGAGE_DLY_SNAPSHOT
TABLE.ALCHEMY.FCT_MM_MONEY_MARKET_DLY_SNP
TABLE.ALCHEMY.FCT_OFSAA_PAYMENT_SCHEDULE
TABLE.ALCHEMY.FCT_PAYMENT_DUE_DLY_SNAPSHOT
TABLE.ALCHEMY.IFRS_CALL_LOG
TABLE.ALCHEMY.IFRS_COLLATERAL_MAP
TABLE.ALCHEMY.IFRS_COLLATERAL_MAP_RULE
TABLE.ALCHEMY.IFRS_FCT_LD_HNI_MIG
TABLE.ALCHEMY.IFRS_MDM_CUSTOMER
TABLE.ALCHEMY.IFRS_MOODYS_INTBASIS_MAP
TABLE.ALCHEMY.IFRS_PROCESS_LOGS
TABLE.ALCHEMY.INTRIM_IFRS_CB_BASE_AGG
TABLE.ALCHEMY.INTRIM_IFRS_LOAN_CARDS
TABLE.ALCHEMY.INTRIM_IFRS_LOAN_LD
TABLE.ALCHEMY.INTRIM_IFRS_LOAN_MG
TABLE.ALCHEMY.INTRIM_IFRS_LOAN_MM
TABLE.ALCHEMY.INTRIM_IFRS_LOAN_OD
TABLE.ALCHEMY.LOANDEPO_IFRS_FGB
TABLE.ALCHEMY.LOANDEPO_IFRS_NBAD
TABLE.ALCHEMY.MV_DIM_ACCOUNTS
TABLE.ALCHEMY.RDM_FCT_LIMIT
TABLE.ALCHEMY.RDM_FCT_T24_CRB
TABLE.ALCHEMY.RDM_FCT_T24_DAILY_PL
TABLE.ALCHEMY.REF_COLL_EXPOSURE_DS
TABLE.ALCHEMY.REF_IFRS_CLT_MGT_ENTITY
TABLE.ALCHEMY.REF_IFRS_DPD
TABLE.ALCHEMY.REF_IFRS_LOANDEPO_CARD_ENRICH
TABLE.ALCHEMY.REF_IFRS_OFSAA_NPL
TABLE.ALCHEMY.REF_IFRS_RESTRUCT
TABLE.ALCHEMY.REF_IFRS_RESTRUCT
TABLE.ALCHEMY.TEMP_IFRS_ACCOUNT
TABLE.ALCHEMY.TEMP_IFRS_CUSTOMERS
TABLE.ALCHEMY.TENOR
TABLE.ALCHEMY.VW_GL_DAILY_RATES
TABLE.REF_IFRS_COLLATERAL_DTL
TABLE.REF_IFRS_COLLATERAL_INTRIM
TABLE.REF_IFRS_COLLATERAL_INTRIM_DS
TABLE.REF_IFRS_COLLATERAL_INTRIM_GEN
TABLE.REF_IFRS_COLLATERAL_INTRIM_HIST
TABLE.REF_MOODYS_COLLATERAL_HAIRCUT</message>
</record>
<record>
  <date>2019-12-17T14:47:29</date>
  <millis>1576579649800</millis>
  <sequence>13</sequence>
  <logger>com.rochade.scanrdbms.sco.ScanOrac</logger>
  <level>CONFIG</level>
  <class>com.rochade.rdbms.utils.SULogger</class>
  <method>log</method>
  <thread>1</thread>
  <message>Disabled attributes: [NONE]</message>
</record>
<record>
  <date>2019-12-17T14:47:29</date>
  <millis>1576579649800</millis>
  <sequence>14</sequence>
  <logger>com.rochade.scanrdbms.sco.ScanOrac</logger>
  <level>CONFIG</level>
  <class>com.rochade.rdbms.utils.SULogger</class>
  <method>log</method>
  <thread>1</thread>
  <message>Disabled types: 
REF CONSTRAINT
LOBINDEX
PARAMETER
INIT PARAMETER
TABLE PARTITION</message>
</record>
<record>
  <date>2019-12-17T14:47:29</date>
  <millis>1576579649816</millis>
  <sequence>15</sequence>
  <logger>com.rochade.scanrdbms.sco.ScanWriter</logger>
  <level>INFO</level>
  <class>com.rochade.rdbms.post.logging.SUPLogger</class>
  <method>log</method>
  <thread>1</thread>
  <message>Scan mode: incremental scan.</message>
</record>
<record>
  <date>2019-12-17T14:48:19</date>
  <millis>1576579699712</millis>
  <sequence>16</sequence>
  <logger>com.rochade.scanrdbms.sco.sql.SysViewHandler</logger>
  <level>INFO</level>
  <class>com.rochade.rdbms.utils.SULogger</class>
  <method>log</method>
  <thread>1</thread>
  <message>System views information and row count for container NONCDB:
Necessary system view SYS.DBA_OBJECTS is available. Rows: 1,483,475
Necessary system view SYS.DBA_TAB_COLS is available. Rows: 474,787
Necessary system view SYS.GLOBAL_NAME is available. Rows: 1
Optional system view SYS.ALL_ARGUMENTS is available. Rows: 51,652
Optional system view SYS.ALL_PROCEDURES is available. Rows: 16,380
Optional system view SYS.DATABASE_PROPERTIES is available. Rows: 36
Optional system view SYS.DBA_ALL_TABLES is available. Rows: 11,738
Optional system view SYS.DBA_CLU_COLUMNS is available. Rows: 50
Optional system view SYS.DBA_CLUSTER_HASH_EXPRESSIONS is available. Rows: 0
Optional system view SYS.DBA_CLUSTERS is available. Rows: 10
Optional system view SYS.DBA_COL_COMMENTS is available. Rows: 471,918
Optional system view SYS.DBA_CONS_COLUMNS is available. Rows: 21,109
Optional system view SYS.DBA_CONSTRAINTS is available. Rows: 18,271
Optional system view SYS.DBA_DATA_FILES is available. Rows: 380
Optional system view SYS.DBA_DB_LINKS is available. Rows: 43
Optional system view SYS.DBA_DEPENDENCIES is available. Rows: 189,900
Optional system view SYS.DBA_ENCRYPTED_COLUMNS is available. Rows: 0
Optional system view SYS.DBA_IND_COLUMNS is available. Rows: 15,694
Optional system view SYS.DBA_IND_EXPRESSIONS is available. Rows: 115
Optional system view SYS.DBA_IND_PARTITIONS is available. Rows: 720,997
Optional system view SYS.DBA_INDEXES is available. Rows: 11,951
Optional system view SYS.DBA_LOBS is available. Rows: 2,182
Optional system view SYS.DBA_LOG_GROUP_COLUMNS is available. Rows: 3
Optional system view SYS.DBA_LOG_GROUPS is available. Rows: 2
Optional system view SYS.DBA_MVIEW_DETAIL_RELATIONS is available. Rows: 221
Optional system view SYS.DBA_MVIEW_JOINS is available. Rows: 72
Optional system view SYS.DBA_MVIEW_KEYS is available. Rows: 2,104
Optional system view SYS.DBA_MVIEWS is available. Rows: 126
Optional system view SYS.DBA_NESTED_TABLE_COLS is available. Rows: 411
Optional system view SYS.DBA_NESTED_TABLES is available. Rows: 49
Optional system view SYS.DBA_OBJ_COLATTRS is available. Rows: 1,487
Optional system view SYS.DBA_OBJECT_TABLES is available. Rows: 93
Optional system view SYS.DBA_PART_INDEXES is available. Rows: 568
Optional system view SYS.DBA_PART_KEY_COLUMNS is available. Rows: 1,414
Optional system view SYS.DBA_PART_TABLES is available. Rows: 794
Optional system view SYS.DBA_PROCEDURES is available. Rows: 32,111
Optional system view SYS.DBA_REGISTRY_HISTORY is available. Rows: 3
Optional system view SYS.DBA_ROLE_PRIVS is available. Rows: 209
Optional system view SYS.DBA_ROLES is available. Rows: 60
Optional system view SYS.DBA_SEGMENTS is available. Rows: 212,660
Optional system view SYS.DBA_SEQUENCES is available. Rows: 689
Optional system view SYS.DBA_SOURCE is available. Rows: 6,107,349
Optional system view SYS.DBA_SYNONYMS is available. Rows: 34,212
Optional system view SYS.DBA_SYS_PRIVS is available. Rows: 1,013
Optional system view SYS.DBA_TAB_COMMENTS is available. Rows: 19,863
Optional system view SYS.DBA_TAB_PARTITIONS is available. Rows: 643,788
Optional system view SYS.DBA_TAB_PRIVS is available. Rows: 302,642
Optional system view SYS.DBA_TABLES is available. Rows: 11,645
Optional system view SYS.DBA_TABLESPACE_GROUPS is available. Rows: 0
Optional system view SYS.DBA_TABLESPACES is available. Rows: 36
Optional system view SYS.DBA_TRIGGERS is available. Rows: 672
Optional system view SYS.DBA_TYPE_ATTRS is available. Rows: 10,600
Optional system view SYS.DBA_TYPES is available. Rows: 2,494
Optional system view SYS.DBA_USERS is available. Rows: 72
Optional system view SYS.DBA_VARRAYS is available. Rows: 589
Optional system view SYS.DBA_VIEWS is available. Rows: 6,788
Optional system view V$DATABASE is available. Rows: 1
Optional system view V$INSTANCE is available. Rows: 1
Optional system view V$MYSTAT is available. Rows: 679
Optional system view V$PARAMETER2 is available. Rows: 355
Optional system view V$SERVICES is available. Rows: 4
Optional system view V$SESSION is available. Rows: 51
Optional system view V$TABLESPACE is available. Rows: 36</message>
</record>
<record>
  <date>2019-12-17T14:48:19</date>
  <millis>1576579699743</millis>
  <sequence>17</sequence>
  <logger>com.rochade.scanrdbms.sco.ScanOrac</logger>
  <level>INFO</level>
  <class>com.rochade.rdbms.post.logging.SUPLogger</class>
  <method>log</method>
  <thread>1</thread>
  <message>Start processing NONCDB: DATAMART</message>
</record>
<record>
  <date>2019-12-17T14:48:19</date>
  <millis>1576579699743</millis>
  <sequence>18</sequence>
  <logger>com.rochade.scanrdbms.sco.sql.AbstractCacheHelper</logger>
  <level>INFO</level>
  <class>com.rochade.rdbms.post.logging.SUPLogger</class>
  <method>log</method>
  <thread>1</thread>
  <message>Cache type: in-memory</message>
</record>
<record>
  <date>2019-12-17T14:48:19</date>
  <millis>1576579699759</millis>
  <sequence>19</sequence>
  <logger>com.rochade.scanrdbms.sco.Identification</logger>
  <level>INFO</level>
  <class>com.rochade.rdbms.post.logging.SUPLogger</class>
  <method>log</method>
  <thread>1</thread>
  <message>Start identification in DATAMART</message>
</record>
<record>
  <date>2019-12-17T14:48:21</date>
  <millis>1576579701667</millis>
  <sequence>20</sequence>
  <logger>com.rochade.scanrdbms.sco.Identification</logger>
  <level>INFO</level>
  <class>com.rochade.rdbms.post.logging.SUPLogger</class>
  <method>log</method>
  <thread>1</thread>
  <message>Identifying schema ALCHEMY</message>
</record>
<record>
  <date>2019-12-17T14:58:39</date>
  <millis>1576580319454</millis>
  <sequence>21</sequence>
  <logger>com.rochade.scanrdbms.sco.Identification</logger>
  <level>INFO</level>
  <class>com.rochade.rdbms.post.logging.SUPLogger</class>
  <method>log</method>
  <thread>1</thread>
  <message>Identifying schema APEX_030200</message>
</record>
<record>
  <date>2019-12-17T14:58:48</date>
  <millis>1576580328022</millis>
  <sequence>22</sequence>
  <logger>com.rochade.scanrdbms.sco.Identification</logger>
  <level>INFO</level>
  <class>com.rochade.rdbms.post.logging.SUPLogger</class>
  <method>log</method>
  <thread>1</thread>
  <message>Identifying schema APPQOSSYS</message>
</record>
<record>
  <date>2019-12-17T14:58:49</date>
  <millis>1576580329163</millis>
  <sequence>23</sequence>
  <logger>com.rochade.scanrdbms.sco.Identification</logger>
  <level>INFO</level>
  <class>com.rochade.rdbms.post.logging.SUPLogger</class>
  <method>log</method>
  <thread>1</thread>
  <message>Identifying schema CTXSYS</message>
</record>
<record>
  <date>2019-12-17T14:58:54</date>
  <millis>1576580334447</millis>
  <sequence>24</sequence>
  <logger>com.rochade.scanrdbms.sco.Identification</logger>
  <level>INFO</level>
  <class>com.rochade.rdbms.post.logging.SUPLogger</class>
  <method>log</method>
  <thread>1</thread>
  <message>Identifying schema DBSNMP</message>
</record>
<record>
  <date>2019-12-17T14:58:56</date>
  <millis>1576580336635</millis>
  <sequence>25</sequence>
  <logger>com.rochade.scanrdbms.sco.Identification</logger>
  <level>INFO</level>
  <class>com.rochade.rdbms.post.logging.SUPLogger</class>
  <method>log</method>
  <thread>1</thread>
  <message>Identifying schema ETLAUDIT</message>
</record>
<record>
  <date>2019-12-17T14:58:58</date>
  <millis>1576580338776</millis>
  <sequence>26</sequence>
  <logger>com.rochade.scanrdbms.sco.Identification</logger>
  <level>INFO</level>
  <class>com.rochade.rdbms.post.logging.SUPLogger</class>
  <method>log</method>
  <thread>1</thread>
  <message>Identifying schema EXFSYS</message>
</record>
<record>
  <date>2019-12-17T14:59:01</date>
  <millis>1576580341010</millis>
  <sequence>27</sequence>
  <logger>com.rochade.scanrdbms.sco.Identification</logger>
  <level>INFO</level>
  <class>com.rochade.rdbms.post.logging.SUPLogger</class>
  <method>log</method>
  <thread>1</thread>
  <message>Identifying schema FLOWS_FILES</message>
</record>
<record>
  <date>2019-12-17T14:59:06</date>
  <millis>1576580346655</millis>
  <sequence>28</sequence>
  <logger>com.rochade.scanrdbms.sco.Identification</logger>
  <level>INFO</level>
  <class>com.rochade.rdbms.post.logging.SUPLogger</class>
  <method>log</method>
  <thread>1</thread>
  <message>Identifying schema MDSYS</message>
</record>
<record>
  <date>2019-12-17T14:59:09</date>
  <millis>1576580349360</millis>
  <sequence>29</sequence>
  <logger>com.rochade.scanrdbms.sco.Identification</logger>
  <level>INFO</level>
  <class>com.rochade.rdbms.post.logging.SUPLogger</class>
  <method>log</method>
  <thread>1</thread>
  <message>Identifying schema OBI12C_BIPLATFORM</message>
</record>
<record>
  <date>2019-12-17T14:59:14</date>
  <millis>1576580354892</millis>
  <sequence>30</sequence>
  <logger>com.rochade.scanrdbms.sco.Identification</logger>
  <level>INFO</level>
  <class>com.rochade.rdbms.post.logging.SUPLogger</class>
  <method>log</method>
  <thread>1</thread>
  <message>Identifying schema OBI12C_IAU</message>
</record>
<record>
  <date>2019-12-17T14:59:17</date>
  <millis>1576580357158</millis>
  <sequence>31</sequence>
  <logger>com.rochade.scanrdbms.sco.Identification</logger>
  <level>INFO</level>
  <class>com.rochade.rdbms.post.logging.SUPLogger</class>
  <method>log</method>
  <thread>1</thread>
  <message>Identifying schema OBI12C_IAU_APPEND</message>
</record>
<record>
  <date>2019-12-17T14:59:18</date>
  <millis>1576580358236</millis>
  <sequence>32</sequence>
  <logger>com.rochade.scanrdbms.sco.Identification</logger>
  <level>INFO</level>
  <class>com.rochade.rdbms.post.logging.SUPLogger</class>
  <method>log</method>
  <thread>1</thread>
  <message>Identifying schema OBI12C_IAU_VIEWER</message>
</record>
<record>
  <date>2019-12-17T14:59:19</date>
  <millis>1576580359298</millis>
  <sequence>33</sequence>
  <logger>com.rochade.scanrdbms.sco.Identification</logger>
  <level>INFO</level>
  <class>com.rochade.rdbms.post.logging.SUPLogger</class>
  <method>log</method>
  <thread>1</thread>
  <message>Identifying schema OBI12C_MDS</message>
</record>
<record>
  <date>2019-12-17T14:59:21</date>
  <millis>1576580361493</millis>
  <sequence>34</sequence>
  <logger>com.rochade.scanrdbms.sco.Identification</logger>
  <level>INFO</level>
  <class>com.rochade.rdbms.post.logging.SUPLogger</class>
  <method>log</method>
  <thread>1</thread>
  <message>Identifying schema OBI12C_OPSS</message>
</record>
<record>
  <date>2019-12-17T14:59:23</date>
  <millis>1576580363759</millis>
  <sequence>35</sequence>
  <logger>com.rochade.scanrdbms.sco.Identification</logger>
  <level>INFO</level>
  <class>com.rochade.rdbms.post.logging.SUPLogger</class>
  <method>log</method>
  <thread>1</thread>
  <message>Identifying schema OBI12C_STB</message>
</record>
<record>
  <date>2019-12-17T14:59:25</date>
  <millis>1576580365900</millis>
  <sequence>36</sequence>
  <logger>com.rochade.scanrdbms.sco.Identification</logger>
  <level>INFO</level>
  <class>com.rochade.rdbms.post.logging.SUPLogger</class>
  <method>log</method>
  <thread>1</thread>
  <message>Identifying schema OBI12C_WLS</message>
</record>
<record>
  <date>2019-12-17T14:59:28</date>
  <millis>1576580368040</millis>
  <sequence>37</sequence>
  <logger>com.rochade.scanrdbms.sco.Identification</logger>
  <level>INFO</level>
  <class>com.rochade.rdbms.post.logging.SUPLogger</class>
  <method>log</method>
  <thread>1</thread>
  <message>Identifying schema OBI12C_WLS_RUNTIME</message>
</record>
<record>
  <date>2019-12-17T14:59:30</date>
  <millis>1576580370103</millis>
  <sequence>38</sequence>
  <logger>com.rochade.scanrdbms.sco.Identification</logger>
  <level>INFO</level>
  <class>com.rochade.rdbms.post.logging.SUPLogger</class>
  <method>log</method>
  <thread>1</thread>
  <message>Identifying schema OLAPSYS</message>
</record>
<record>
  <date>2019-12-17T14:59:32</date>
  <millis>1576580372431</millis>
  <sequence>39</sequence>
  <logger>com.rochade.scanrdbms.sco.Identification</logger>
  <level>INFO</level>
  <class>com.rochade.rdbms.post.logging.SUPLogger</class>
  <method>log</method>
  <thread>1</thread>
  <message>Identifying schema ORACLE_OCM</message>
</record>
<record>
  <date>2019-12-17T14:59:33</date>
  <millis>1576580373493</millis>
  <sequence>40</sequence>
  <logger>com.rochade.scanrdbms.sco.Identification</logger>
  <level>INFO</level>
  <class>com.rochade.rdbms.post.logging.SUPLogger</class>
  <method>log</method>
  <thread>1</thread>
  <message>Identifying schema ORDDATA</message>
</record>
<record>
  <date>2019-12-17T14:59:35</date>
  <millis>1576580375712</millis>
  <sequence>41</sequence>
  <logger>com.rochade.scanrdbms.sco.Identification</logger>
  <level>INFO</level>
  <class>com.rochade.rdbms.post.logging.SUPLogger</class>
  <method>log</method>
  <thread>1</thread>
  <message>Identifying schema ORDPLUGINS</message>
</record>
<record>
  <date>2019-12-17T14:59:36</date>
  <millis>1576580376759</millis>
  <sequence>42</sequence>
  <logger>com.rochade.scanrdbms.sco.Identification</logger>
  <level>INFO</level>
  <class>com.rochade.rdbms.post.logging.SUPLogger</class>
  <method>log</method>
  <thread>1</thread>
  <message>Identifying schema ORDSYS</message>
</record>
<record>
  <date>2019-12-17T14:59:38</date>
  <millis>1576580378993</millis>
  <sequence>43</sequence>
  <logger>com.rochade.scanrdbms.sco.Identification</logger>
  <level>INFO</level>
  <class>com.rochade.rdbms.post.logging.SUPLogger</class>
  <method>log</method>
  <thread>1</thread>
  <message>Identifying schema OUTLN</message>
</record>
<record>
  <date>2019-12-17T14:59:40</date>
  <millis>1576580380087</millis>
  <sequence>44</sequence>
  <logger>com.rochade.scanrdbms.sco.Identification</logger>
  <level>INFO</level>
  <class>com.rochade.rdbms.post.logging.SUPLogger</class>
  <method>log</method>
  <thread>1</thread>
  <message>Identifying schema OWBSYS</message>
</record>
<record>
  <date>2019-12-17T14:59:42</date>
  <millis>1576580382196</millis>
  <sequence>45</sequence>
  <logger>com.rochade.scanrdbms.sco.Identification</logger>
  <level>INFO</level>
  <class>com.rochade.rdbms.post.logging.SUPLogger</class>
  <method>log</method>
  <thread>1</thread>
  <message>Identifying schema OWBSYS_AUDIT</message>
</record>
<record>
  <date>2019-12-17T14:59:43</date>
  <millis>1576580383212</millis>
  <sequence>46</sequence>
  <logger>com.rochade.scanrdbms.sco.Identification</logger>
  <level>INFO</level>
  <class>com.rochade.rdbms.post.logging.SUPLogger</class>
  <method>log</method>
  <thread>1</thread>
  <message>Identifying schema PUBLIC</message>
</record>
<record>
  <date>2019-12-17T14:59:47</date>
  <millis>1576580387017</millis>
  <sequence>47</sequence>
  <logger>com.rochade.scanrdbms.sco.Identification</logger>
  <level>INFO</level>
  <class>com.rochade.rdbms.post.logging.SUPLogger</class>
  <method>log</method>
  <thread>1</thread>
  <message>Identifying schema SCOTT</message>
</record>
<record>
  <date>2019-12-17T14:59:49</date>
  <millis>1576580389080</millis>
  <sequence>48</sequence>
  <logger>com.rochade.scanrdbms.sco.Identification</logger>
  <level>INFO</level>
  <class>com.rochade.rdbms.post.logging.SUPLogger</class>
  <method>log</method>
  <thread>1</thread>
  <message>Identifying schema SI_INFORMTN_SCHEMA</message>
</record>
<record>
  <date>2019-12-17T14:59:50</date>
  <millis>1576580390111</millis>
  <sequence>49</sequence>
  <logger>com.rochade.scanrdbms.sco.Identification</logger>
  <level>INFO</level>
  <class>com.rochade.rdbms.post.logging.SUPLogger</class>
  <method>log</method>
  <thread>1</thread>
  <message>Identifying schema SYS</message>
</record>
<record>
  <date>2019-12-17T14:59:57</date>
  <millis>1576580397877</millis>
  <sequence>50</sequence>
  <logger>com.rochade.scanrdbms.sco.Identification</logger>
  <level>INFO</level>
  <class>com.rochade.rdbms.post.logging.SUPLogger</class>
  <method>log</method>
  <thread>1</thread>
  <message>Identifying schema SYSMAN</message>
</record>
<record>
  <date>2019-12-17T15:00:01</date>
  <millis>1576580401142</millis>
  <sequence>51</sequence>
  <logger>com.rochade.scanrdbms.sco.Identification</logger>
  <level>INFO</level>
  <class>com.rochade.rdbms.post.logging.SUPLogger</class>
  <method>log</method>
  <thread>1</thread>
  <message>Identifying schema SYSTEM</message>
</record>
<record>
  <date>2019-12-17T15:00:04</date>
  <millis>1576580404470</millis>
  <sequence>52</sequence>
  <logger>com.rochade.scanrdbms.sco.Identification</logger>
  <level>INFO</level>
  <class>com.rochade.rdbms.post.logging.SUPLogger</class>
  <method>log</method>
  <thread>1</thread>
  <message>Identifying schema UAT12C_BIPLATFORM</message>
</record>
<record>
  <date>2019-12-17T15:00:07</date>
  <millis>1576580407111</millis>
  <sequence>53</sequence>
  <logger>com.rochade.scanrdbms.sco.Identification</logger>
  <level>INFO</level>
  <class>com.rochade.rdbms.post.logging.SUPLogger</class>
  <method>log</method>
  <thread>1</thread>
  <message>Identifying schema UAT12C_IAU</message>
</record>
<record>
  <date>2019-12-17T15:00:09</date>
  <millis>1576580409627</millis>
  <sequence>54</sequence>
  <logger>com.rochade.scanrdbms.sco.Identification</logger>
  <level>INFO</level>
  <class>com.rochade.rdbms.post.logging.SUPLogger</class>
  <method>log</method>
  <thread>1</thread>
  <message>Identifying schema UAT12C_IAU_APPEND</message>
</record>
<record>
  <date>2019-12-17T15:00:10</date>
  <millis>1576580410986</millis>
  <sequence>55</sequence>
  <logger>com.rochade.scanrdbms.sco.Identification</logger>
  <level>INFO</level>
  <class>com.rochade.rdbms.post.logging.SUPLogger</class>
  <method>log</method>
  <thread>1</thread>
  <message>Identifying schema UAT12C_IAU_VIEWER</message>
</record>
<record>
  <date>2019-12-17T15:00:12</date>
  <millis>1576580412299</millis>
  <sequence>56</sequence>
  <logger>com.rochade.scanrdbms.sco.Identification</logger>
  <level>INFO</level>
  <class>com.rochade.rdbms.post.logging.SUPLogger</class>
  <method>log</method>
  <thread>1</thread>
  <message>Identifying schema UAT12C_MDS</message>
</record>
<record>
  <date>2019-12-17T15:00:14</date>
  <millis>1576580414580</millis>
  <sequence>57</sequence>
  <logger>com.rochade.scanrdbms.sco.Identification</logger>
  <level>INFO</level>
  <class>com.rochade.rdbms.post.logging.SUPLogger</class>
  <method>log</method>
  <thread>1</thread>
  <message>Identifying schema UAT12C_OPSS</message>
</record>
<record>
  <date>2019-12-17T15:00:17</date>
  <millis>1576580417052</millis>
  <sequence>58</sequence>
  <logger>com.rochade.scanrdbms.sco.Identification</logger>
  <level>INFO</level>
  <class>com.rochade.rdbms.post.logging.SUPLogger</class>
  <method>log</method>
  <thread>1</thread>
  <message>Identifying schema UAT12C_STB</message>
</record>
<record>
  <date>2019-12-17T15:00:23</date>
  <millis>1576580423005</millis>
  <sequence>59</sequence>
  <logger>com.rochade.scanrdbms.sco.Identification</logger>
  <level>INFO</level>
  <class>com.rochade.rdbms.post.logging.SUPLogger</class>
  <method>log</method>
  <thread>1</thread>
  <message>Identifying schema UAT12C_UMS</message>
</record>
<record>
  <date>2019-12-17T15:00:25</date>
  <millis>1576580425348</millis>
  <sequence>60</sequence>
  <logger>com.rochade.scanrdbms.sco.Identification</logger>
  <level>INFO</level>
  <class>com.rochade.rdbms.post.logging.SUPLogger</class>
  <method>log</method>
  <thread>1</thread>
  <message>Identifying schema UAT12C_WLS</message>
</record>
<record>
  <date>2019-12-17T15:00:27</date>
  <millis>1576580427708</millis>
  <sequence>61</sequence>
  <logger>com.rochade.scanrdbms.sco.Identification</logger>
  <level>INFO</level>
  <class>com.rochade.rdbms.post.logging.SUPLogger</class>
  <method>log</method>
  <thread>1</thread>
  <message>Identifying schema UAT12C_WLS_RUNTIME</message>
</record>
<record>
  <date>2019-12-17T15:00:29</date>
  <millis>1576580429942</millis>
  <sequence>62</sequence>
  <logger>com.rochade.scanrdbms.sco.Identification</logger>
  <level>INFO</level>
  <class>com.rochade.rdbms.post.logging.SUPLogger</class>
  <method>log</method>
  <thread>1</thread>
  <message>Identifying schema UATUS12C_BIPLATFORM</message>
</record>
<record>
  <date>2019-12-17T15:00:32</date>
  <millis>1576580432411</millis>
  <sequence>63</sequence>
  <logger>com.rochade.scanrdbms.sco.Identification</logger>
  <level>INFO</level>
  <class>com.rochade.rdbms.post.logging.SUPLogger</class>
  <method>log</method>
  <thread>1</thread>
  <message>Identifying schema UATUS12C_IAU</message>
</record>
<record>
  <date>2019-12-17T15:00:34</date>
  <millis>1576580434880</millis>
  <sequence>64</sequence>
  <logger>com.rochade.scanrdbms.sco.Identification</logger>
  <level>INFO</level>
  <class>com.rochade.rdbms.post.logging.SUPLogger</class>
  <method>log</method>
  <thread>1</thread>
  <message>Identifying schema UATUS12C_IAU_APPEND</message>
</record>
<record>
  <date>2019-12-17T15:00:35</date>
  <millis>1576580435942</millis>
  <sequence>65</sequence>
  <logger>com.rochade.scanrdbms.sco.Identification</logger>
  <level>INFO</level>
  <class>com.rochade.rdbms.post.logging.SUPLogger</class>
  <method>log</method>
  <thread>1</thread>
  <message>Identifying schema UATUS12C_IAU_VIEWER</message>
</record>
<record>
  <date>2019-12-17T15:00:37</date>
  <millis>1576580437114</millis>
  <sequence>66</sequence>
  <logger>com.rochade.scanrdbms.sco.Identification</logger>
  <level>INFO</level>
  <class>com.rochade.rdbms.post.logging.SUPLogger</class>
  <method>log</method>
  <thread>1</thread>
  <message>Identifying schema UATUS12C_MDS</message>
</record>
<record>
  <date>2019-12-17T15:00:39</date>
  <millis>1576580439302</millis>
  <sequence>67</sequence>
  <logger>com.rochade.scanrdbms.sco.Identification</logger>
  <level>INFO</level>
  <class>com.rochade.rdbms.post.logging.SUPLogger</class>
  <method>log</method>
  <thread>1</thread>
  <message>Identifying schema UATUS12C_OPSS</message>
</record>
<record>
  <date>2019-12-17T15:00:41</date>
  <millis>1576580441538</millis>
  <sequence>68</sequence>
  <logger>com.rochade.scanrdbms.sco.Identification</logger>
  <level>INFO</level>
  <class>com.rochade.rdbms.post.logging.SUPLogger</class>
  <method>log</method>
  <thread>1</thread>
  <message>Identifying schema UATUS12C_STB</message>
</record>
<record>
  <date>2019-12-17T15:00:43</date>
  <millis>1576580443726</millis>
  <sequence>69</sequence>
  <logger>com.rochade.scanrdbms.sco.Identification</logger>
  <level>INFO</level>
  <class>com.rochade.rdbms.post.logging.SUPLogger</class>
  <method>log</method>
  <thread>1</thread>
  <message>Identifying schema UATUS12C_WLS</message>
</record>
<record>
  <date>2019-12-17T15:00:45</date>
  <millis>1576580445913</millis>
  <sequence>70</sequence>
  <logger>com.rochade.scanrdbms.sco.Identification</logger>
  <level>INFO</level>
  <class>com.rochade.rdbms.post.logging.SUPLogger</class>
  <method>log</method>
  <thread>1</thread>
  <message>Identifying schema UATUS12C_WLS_RUNTIME</message>
</record>
<record>
  <date>2019-12-17T15:00:48</date>
  <millis>1576580448038</millis>
  <sequence>71</sequence>
  <logger>com.rochade.scanrdbms.sco.Identification</logger>
  <level>INFO</level>
  <class>com.rochade.rdbms.post.logging.SUPLogger</class>
  <method>log</method>
  <thread>1</thread>
  <message>Identifying schema WMSYS</message>
</record>
<record>
  <date>2019-12-17T15:00:50</date>
  <millis>1576580450210</millis>
  <sequence>72</sequence>
  <logger>com.rochade.scanrdbms.sco.Identification</logger>
  <level>INFO</level>
  <class>com.rochade.rdbms.post.logging.SUPLogger</class>
  <method>log</method>
  <thread>1</thread>
  <message>Identifying schema XDB</message>
</record>
<record>
  <date>2019-12-17T15:00:52</date>
  <millis>1576580452835</millis>
  <sequence>73</sequence>
  <logger>com.rochade.scanrdbms.sco.Identification</logger>
  <level>INFO</level>
  <class>com.rochade.rdbms.post.logging.SUPLogger</class>
  <method>log</method>
  <thread>1</thread>
  <message>Identification in DATAMART completed</message>
</record>
<record>
  <date>2019-12-17T15:00:53</date>
  <millis>1576580453132</millis>
  <sequence>74</sequence>
  <logger>com.rochade.scanrdbms.sco.ScanOrac</logger>
  <level>INFO</level>
  <class>com.rochade.rdbms.post.logging.SUPLogger</class>
  <method>log</method>
  <thread>1</thread>
  <message>Processing schema ALCHEMY (1/1)</message>
</record>
<record>
  <date>2019-12-17T15:04:31</date>
  <millis>1576580671335</millis>
  <sequence>75</sequence>
  <logger>com.rochade.scanrdbms.sco.ScanOrac</logger>
  <level>INFO*</level>
  <class>com.rochade.logging.juli.RochadeJuliSupport</class>
  <method>logWithLabel</method>
  <thread>1</thread>
  <message>Processing finished: it took 16:11.607 min</message>
  <param>[%END%]</param>
</record>
<record>
  <date>2019-12-17T15:04:31</date>
  <millis>1576580671351</millis>
  <sequence>76</sequence>
  <logger>com.rochade.scanrdbms.sco.ScanWriter</logger>
  <level>INFO</level>
  <class>com.rochade.logging.juli.RochadeJuliSupport</class>
  <method>logWithLabel</method>
  <thread>1</thread>
  <message>Items created:
ARGUMENT          = 0
ATTRIBUTE         = 0
CLUSTER           = 0
COLUMN            = 5129
COLUMN EXPRESSION = 0
ORA_COMPONENT     = 0
CONSTRAINT        = 0
ORA_CONTENT       = 0
DATAFILE          = 0
DATABASE          = 1
DB LINK           = 0
ORA_DIRECTORY     = 0
FUNCTION          = 0
INDEX             = 0
LOB               = 0
PACKAGE           = 0
PARAMETER         = 0
INIT PARAMETER    = 0
PARTITION         = 0
PROCEDURE         = 0
ROLE              = 0
SCHEMA            = 1
SEQUENCE          = 0
SERVER            = 0
SERVICE           = 0
ORA_SQL-SCRIPT    = 0
SYNONYM           = 0
TABLE             = 42
TABLESPACE        = 0
TRIGGER           = 0
TYPE              = 0
USER              = 0
VARRAY            = 0
VIEW              = 2
Total items       = 5175</message>
  <param>[%SUMMARY%]</param>
</record>
<record>
  <date>2019-12-17T15:04:31</date>
  <millis>1576580671351</millis>
  <sequence>77</sequence>
  <logger>com.rochade.scanrdbms.sco.ScanWriter</logger>
  <level>INFO</level>
  <class>com.rochade.rdbms.post.logging.SUPLogger</class>
  <method>log</method>
  <thread>1</thread>
  <message>Items created as link targets:
ARGUMENT          = 0
ATTRIBUTE         = 0
CLUSTER           = 0
COLUMN            = 0
COLUMN EXPRESSION = 0
ORA_COMPONENT     = 0
CONSTRAINT        = 0
ORA_CONTENT       = 0
DATAFILE          = 0
DATABASE          = 0
DB LINK           = 0
ORA_DIRECTORY     = 0
FUNCTION          = 0
INDEX             = 83
LOB               = 0
PACKAGE           = 0
PARAMETER         = 0
INIT PARAMETER    = 0
PARTITION         = 0
PROCEDURE         = 0
ROLE              = 0
SCHEMA            = 0
SEQUENCE          = 0
SERVER            = 0
SERVICE           = 0
ORA_SQL-SCRIPT    = 0
SYNONYM           = 0
TABLE             = 1
TABLESPACE        = 1
TRIGGER           = 28
TYPE              = 0
USER              = 0
VARRAY            = 0
VIEW              = 0
Total items       = 113</message>
</record>
<record>
  <date>2019-12-17T15:04:31</date>
  <millis>1576580671351</millis>
  <sequence>78</sequence>
  <logger>com.rochade.scanrdbms.sco.ScanOrac</logger>
  <level>INFO</level>
  <class>com.rochade.rdbms.post.logging.SUPLogger</class>
  <method>log</method>
  <thread>1</thread>
  <message>ASG-Rochade � ScanOrac terminates. [RC=0]</message>
</record>
</log>
